CatID,SubCategory,Category,SubCategory_zh,Category_zh,SubCategory_tw,Category_tw,CategoryFull
AIRBlow,BLOW,AIR,吹,气体,吹,氣體,AIR-BLOW
AIRBrst,BURST,AIR,爆发,气体,爆發,氣體,AIR-BURST
AIRHiss,HISS,AIR,嘶嘶声,气体,嘶嘶聲,氣體,AIR-HISS
AIRMisc,MISC,AIR,其它,气体,其它,氣體,AIR-MISC
AIRSuck,SUCTION,AIR,抽吸,气体,抽吸,氣體,AIR-SUCTION
AERODoor,DOOR,AIRCRAFT,门,航空器,門,航空器,AIRCRAFT-DOOR
AEROHeli,HELICOPTER,AIRCRAFT,直升机,航空器,直升機,航空器,AIRCRAFT-HELICOPTER
AEROInt,INTERIOR,AIRCRAFT,航空舱,航空器,航空艙,航空器,AIRCRAFT-INTERIOR
AEROJet,JET,AIRCRAFT,喷气式飞机,航空器,噴氣式飛機,航空器,AIRCRAFT-JET
AEROMech,MECHANISM,AIRCRAFT,机械,航空器,機械,航空器,AIRCRAFT-MECHANISM
AEROMil,MILITARY,AIRCRAFT,军用,航空器,軍用,航空器,AIRCRAFT-MILITARY
AEROMisc,MISC,AIRCRAFT,其它,航空器,其它,航空器,AIRCRAFT-MISC
AEROProp,PROP,AIRCRAFT,螺旋桨飞机,航空器,螺旋槳飛機,航空器,AIRCRAFT-PROP
AERORadio,RADIO CONTROLLED,AIRCRAFT,塔台,航空器,塔台,航空器,AIRCRAFT-RADIO CONTROLLED
AERORckt,ROCKET,AIRCRAFT,火箭,航空器,火箭,航空器,AIRCRAFT-ROCKET
ALRMBell,BELL,ALARMS,警铃,警报,警鈴,警報,ALARMS-BELL
ALRMBuzr,BUZZER,ALARMS,蜂鸣器,警报,蜂鳴器,警報,ALARMS-BUZZER
ALRMClok,CLOCK,ALARMS,钟表,警报,鐘錶,警報,ALARMS-CLOCK
ALRMElec,ELECTRONIC,ALARMS,电器,警报,電器,警報,ALARMS-ELECTRONIC
ALRMMisc,MISC,ALARMS,其它,警报,其它,警報,ALARMS-MISC
ALRMSirn,SIREN,ALARMS,警报,警报,警報,警報,ALARMS-SIREN
AMBAir,AIR,AMBIENCE,空气,环境,空氣,環境,AMBIENCE-AIR
AMBAlpn,ALPINE,AMBIENCE,高山,环境,高山,環境,AMBIENCE-ALPINE
AMBAmus,AMUSEMENT,AMBIENCE,娱乐,环境,娛樂,環境,AMBIENCE-AMUSEMENT
AMBBird,BIRDSONG,AMBIENCE,鸟鸣,环境,鳥鳴,環境,AMBIENCE-BIRDSONG
AMBCele,CELEBRATION,AMBIENCE,庆典,环境,慶典,環境,AMBIENCE-CELEBRATION
AMBCnst,CONSTRUCTION,AMBIENCE,施工,环境,施工,環境,AMBIENCE-CONSTRUCTION
AMBDsrt,DESERT,AMBIENCE,沙漠,环境,沙漠,環境,AMBIENCE-DESERT
AMBDsgn,DESIGNED,AMBIENCE,设计,环境,設計,環境,AMBIENCE-DESIGNED
AMBEmrg,EMERGENCY,AMBIENCE,紧急,环境,緊急,環境,AMBIENCE-EMERGENCY
AMBFant,FANTASY,AMBIENCE,奇幻,环境,奇幻,環境,AMBIENCE-FANTASY
AMBFarm,FARM,AMBIENCE,农场,环境,農場,環境,AMBIENCE-FARM
AMBForst,FOREST,AMBIENCE,森林,环境,森林,環境,AMBIENCE-FOREST
AMBGras,GRASSLAND,AMBIENCE,草地,环境,草地,環境,AMBIENCE-GRASSLAND
AMBHist,HISTORICAL,AMBIENCE,历史年代,环境,歷史年代,環境,AMBIENCE-HISTORICAL
AMBTech,HITECH,AMBIENCE,高科技,环境,高科技,環境,AMBIENCE-HITECH
AMBHosp,HOSPITAL,AMBIENCE,医院,环境,醫院,環境,AMBIENCE-HOSPITAL
AMBInd,INDUSTRIAL,AMBIENCE,工业,环境,工業,環境,AMBIENCE-INDUSTRIAL
AMBInsc,INSECT,AMBIENCE,昆虫,环境,昆蟲,環境,AMBIENCE-INSECT
AMBLake,LAKESIDE,AMBIENCE,湖岸,环境,湖岸,環境,AMBIENCE-LAKESIDE
AMBMrkt,MARKET,AMBIENCE,市场,环境,市場,環境,AMBIENCE-MARKET
AMBMisc,MISC,AMBIENCE,其它,环境,其它,環境,AMBIENCE-MISC
AMBNaut,NAUTICAL,AMBIENCE,航海,环境,航海,環境,AMBIENCE-NAUTICAL
AMBOffc,OFFICE,AMBIENCE,办公室,环境,辦公室,環境,AMBIENCE-OFFICE
AMBPark,PARK,AMBIENCE,公园,环境,公園,環境,AMBIENCE-PARK
AMBPrisn,PRISON,AMBIENCE,监狱,环境,監獄,環境,AMBIENCE-PRISON
AMBPrtst,PROTEST,AMBIENCE,游行,环境,遊行,環境,AMBIENCE-PROTEST
AMBPubl,PUBLIC PLACE,AMBIENCE,公共场所,环境,公共場所,環境,AMBIENCE-PUBLIC PLACE
AMBRlgn,RELIGIOUS,AMBIENCE,宗教场所,环境,宗教場所,環境,AMBIENCE-RELIGIOUS
AMBHome,RESIDENTIAL,AMBIENCE,住宅区,环境,住宅區,環境,AMBIENCE-RESIDENTIAL
AMBRest,RESTAURANT & BAR,AMBIENCE,餐馆,环境,餐館,環境,AMBIENCE-RESTAURANT & BAR
AMBRoom,ROOM TONE,AMBIENCE,房间底噪,环境,房間底噪,環境,AMBIENCE-ROOM TONE
AMBRurl,RURAL,AMBIENCE,农村,环境,農村,環境,AMBIENCE-RURAL
AMBSchl,SCHOOL,AMBIENCE,校园,环境,校園,環境,AMBIENCE-SCHOOL
AMBSci,SCIFI,AMBIENCE,科幻,环境,科幻,環境,AMBIENCE-SCIFI
AMBSea,SEASIDE,AMBIENCE,海边,环境,海邊,環境,AMBIENCE-SEASIDE
AMBSprt,SPORT,AMBIENCE,运动场,环境,運動場,環境,AMBIENCE-SPORT
AMBSubn,SUBURBAN,AMBIENCE,郊区,环境,郊區,環境,AMBIENCE-SUBURBAN
AMBSwmp,SWAMP,AMBIENCE,沼泽地,环境,沼澤地,環境,AMBIENCE-SWAMP
AMBTown,TOWN,AMBIENCE,小镇,环境,小鎮,環境,AMBIENCE-TOWN
AMBTraf,TRAFFIC,AMBIENCE,交通,环境,交通,環境,AMBIENCE-TRAFFIC
AMBTran,TRANSPORTATION,AMBIENCE,交通工具,环境,交通工具,環境,AMBIENCE-TRANSPORTATION
AMBTrop,TROPICAL,AMBIENCE,热带,环境,熱帶,環境,AMBIENCE-TROPICAL
AMBTndra,TUNDRA,AMBIENCE,冻土,环境,凍土,環境,AMBIENCE-TUNDRA
AMBUndr,UNDERGROUND,AMBIENCE,地下,环境,地下,環境,AMBIENCE-UNDERGROUND
AMBUndwtr,UNDERWATER,AMBIENCE,水下,环境,水下,環境,AMBIENCE-UNDERWATER
AMBUrbn,URBAN,AMBIENCE,城市,环境,城市,環境,AMBIENCE-URBAN
AMBWar,WARFARE,AMBIENCE,战争,环境,戰爭,環境,AMBIENCE-WARFARE
ANMLAmph,AMPHIBIAN,ANIMALS,两栖动物,动物,兩棲動物,動物,ANIMALS-AMPHIBIAN
ANMLAqua,AQUATIC,ANIMALS,水生动物,动物,水生動物,動物,ANIMALS-AQUATIC
ANMLBat,BAT,ANIMALS,蝙蝠,动物,蝙蝠,動物,ANIMALS-BAT
ANMLCat,CAT DOMESTIC,ANIMALS,家猫,动物,家貓,動物,ANIMALS-CAT DOMESTIC
ANMLWcat,CAT WILD,ANIMALS,猫科动物,动物,貓科動物,動物,ANIMALS-CAT WILD
ANMLDog,DOG,ANIMALS,狗,动物,狗,動物,ANIMALS-DOG
ANMLWdog,DOG WILD,ANIMALS,犬科动物,动物,犬科動物,動物,ANIMALS-DOG WILD
ANMLFarm,FARM,ANIMALS,养殖场,动物,養殖場,動物,ANIMALS-FARM
ANMLHors,HORSE,ANIMALS,马,动物,馬,動物,ANIMALS-HORSE
ANMLInsc,INSECT,ANIMALS,昆虫,动物,昆蟲,動物,ANIMALS-INSECT
ANMLMisc,MISC,ANIMALS,其它,动物,其它,動物,ANIMALS-MISC
ANMLPrim,PRIMATE,ANIMALS,灵长类,动物,靈長類,動物,ANIMALS-PRIMATE
ANMLRept,REPTILE,ANIMALS,爬行动物,动物,爬行動物,動物,ANIMALS-REPTILE
ANMLRdnt,RODENT,ANIMALS,啮齿动物,动物,囓齒動物,動物,ANIMALS-RODENT
ANMLWild,WILD,ANIMALS,野生动物,动物,野生動物,動物,ANIMALS-WILD
ADR,ADR,ARCHIVED,ADR,归档,ADR,歸檔,ARCHIVED-ADR
ASSET,ASSET,ARCHIVED,资源,归档,資源,歸檔,ARCHIVED-ASSET
BNCE,BOUNCE,ARCHIVED,导出,归档,導出,歸檔,ARCHIVED-BOUNCE
IR,IMPULSE RESPONSE,ARCHIVED,卷积混响素材,归档,卷積混響素材,歸檔,ARCHIVED-IMPULSE RESPONSE
LPGRP,LOOP GROUP,ARCHIVED,循环群组,归档,循環群組,歸檔,ARCHIVED-LOOP GROUP
MIX,MIX,ARCHIVED,混音,归档,混音,歸檔,ARCHIVED-MIX
PFX,PFX,ARCHIVED,现场音效,归档,現場音效,歸檔,ARCHIVED-PFX
PROD,PRODUCTION,ARCHIVED,现场对白,归档,現場對白,歸檔,ARCHIVED-PRODUCTION
RAW,RAW,ARCHIVED,原始素材,归档,原始素材,歸檔,ARCHIVED-RAW
REF,REFERENCE,ARCHIVED,参考素材,归档,參考素材,歸檔,ARCHIVED-REFERENCE
SCNE,SCENE,ARCHIVED,场景素材,归档,場景素材,歸檔,ARCHIVED-SCENE
TEST,TEST TONE,ARCHIVED,测试音,归档,測試音,歸檔,ARCHIVED-TEST TONE
TMARK,TRADEMARKED,ARCHIVED,商标音,归档,商標音,歸檔,ARCHIVED-TRADEMARKED
WIP,WORK IN PROGRESS,ARCHIVED,过程中素材,归档,過程中素材,歸檔,ARCHIVED-WORK IN PROGRESS
WTF,WTF,ARCHIVED,未确认素材,归档,未確認素材,歸檔,ARCHIVED-WTF
BEEPAppl,APPLIANCE,BEEPS,电器,提示音,電器,提示音,BEEPS-APPLIANCE
BEEP,GENERAL,BEEPS,通用,提示音,通用,提示音,BEEPS-GENERAL
BEEPLofi,LOFI,BEEPS,低保真,提示音,低保真,提示音,BEEPS-LOFI
BEEPMed,MEDICAL,BEEPS,医疗器械,提示音,醫療器械,提示音,BEEPS-MEDICAL
BEEPTimer,TIMER,BEEPS,计时器,提示音,計時器,提示音,BEEPS-TIMER
BEEPVeh,VEHICLE,BEEPS,车辆,提示音,車輛,提示音,BEEPS-VEHICLE
BELLAnml,ANIMAL,BELLS,动物,钟铃,動物,鐘鈴,BELLS-ANIMAL
BELLDoor,DOORBELL,BELLS,门铃,钟铃,門鈴,鐘鈴,BELLS-DOORBELL
BELLGong,GONG,BELLS,锣,钟铃,鑼,鐘鈴,BELLS-GONG
BELLHand,HANDBELL,BELLS,手铃,钟铃,手鈴,鐘鈴,BELLS-HANDBELL
BELLLrg,LARGE,BELLS,大钟,钟铃,大鐘,鐘鈴,BELLS-LARGE
BELLMisc,MISC,BELLS,其它,钟铃,其它,鐘鈴,BELLS-MISC
BIRDPrey,BIRD OF PREY,BIRDS,猛禽,鸟类,猛禽,鳥類,BIRDS-BIRD OF PREY
BIRDCrow,CROW,BIRDS,乌鸦,鸟类,烏鴉,鳥類,BIRDS-CROW
BIRDFowl,FOWL,BIRDS,家禽,鸟类,家禽,鳥類,BIRDS-FOWL
BIRDMisc,MISC,BIRDS,其它,鸟类,其它,鳥類,BIRDS-MISC
BIRDSea,SEA,BIRDS,海鸟,鸟类,海鳥,鳥類,BIRDS-SEA
BIRDSong,SONGBIRD,BIRDS,鸣鸟,鸟类,鳴鳥,鳥類,BIRDS-SONGBIRD
BIRDTrop,TROPICAL,BIRDS,热带,鸟类,熱帶,鳥類,BIRDS-TROPICAL
BIRDWade,WADING,BIRDS,水鸟,鸟类,水鳥,鳥類,BIRDS-WADING
BOATAir,AIR BOAT,BOATS,汽艇,船舶,汽艇,船舶,BOATS-AIR BOAT
BOATWash,BOW WASH,BOATS,船浪,船舶,船浪,船舶,BOATS-BOW WASH
BOATDoor,DOOR,BOATS,门,船舶,門,船舶,BOATS-DOOR
BOATElec,ELECTRIC,BOATS,电动船,船舶,電動船,船舶,BOATS-ELECTRIC
BOATFish,FISHING,BOATS,捕鱼,船舶,捕魚,船舶,BOATS-FISHING
BOATHorn,HORN,BOATS,船笛,船舶,船笛,船舶,BOATS-HORN
BOATInt,INTERIOR,BOATS,舱内,小船,艙內,小船,BOATS-INTERIOR
BOATMech,MECHANISM,BOATS,机械,船舶,機械,船舶,BOATS-MECHANISM
BOATMil,MILITARY,BOATS,军用,船舶,軍用,船舶,BOATS-MILITARY
BOATMisc,MISC,BOATS,其它,船舶,其它,船舶,BOATS-MISC
BOATMotr,MOTORBOAT,BOATS,摩托艇,船舶,摩托艇,船舶,BOATS-MOTORBOAT
BOATRace,RACING,BOATS,赛艇,船舶,賽艇,船舶,BOATS-RACING
BOATRow,ROWBOAT,BOATS,划艇,船舶,划艇,船舶,BOATS-ROWBOAT
BOATSail,SAILBOAT,BOATS,帆船,船舶,帆船,船舶,BOATS-SAILBOAT
BOATShip,SHIP,BOATS,大船,船舶,大船,船舶,BOATS-SHIP
BOATStm,STEAM,BOATS,蒸汽船,船舶,蒸汽船,船舶,BOATS-STEAM
BOATSub,SUBMARINE,BOATS,潜艇,船舶,潛艇,船舶,BOATS-SUBMARINE
BOATUndwtr,UNDERWATER,BOATS,水下,船舶,水下,船舶,BOATS-UNDERWATER
BLLTBy,BY,BULLETS,飞过,子弹,飛過,子彈,BULLETS-BY
BLLTImpt,IMPACT,BULLETS,击中,子弹,擊中,子彈,BULLETS-IMPACT
BLLTMisc,MISC,BULLETS,其它,子弹,其它,子彈,BULLETS-MISC
BLLTRico,RICOCHET,BULLETS,弹跳,子弹,彈跳,子彈,BULLETS-RICOCHET
BLLTShel,SHELL,BULLETS,弹壳,子弹,彈殼,子彈,BULLETS-SHELL
TOONAnml,ANIMAL,CARTOON,动物,卡通,動物,卡通,CARTOON-ANIMAL
TOONBoing,BOING,CARTOON,弹簧音,卡通,彈簧音,卡通,CARTOON-BOING
TOONClang,CLANG,CARTOON,咣当,卡通,咣當,卡通,CARTOON-CLANG
TOONCreak,CREAK,CARTOON,嘎吱,卡通,嘎吱,卡通,CARTOON-CREAK
TOONHorn,HORN,CARTOON,号,卡通,號,卡通,CARTOON-HORN
TOONImpt,IMPACT,CARTOON,打击,卡通,打擊,卡通,CARTOON-IMPACT
TOONMach,MACHINE,CARTOON,机器,卡通,機器,卡通,CARTOON-MACHINE
TOONMisc,MISC,CARTOON,其它,卡通,其它,卡通,CARTOON-MISC
TOONMx,MUSICAL,CARTOON,音乐性,卡通,音樂性,卡通,CARTOON-MUSICAL
TOONPluk,PLUCK,CARTOON,弹拨,卡通,彈撥,卡通,CARTOON-PLUCK
TOONPop,POP,CARTOON,道具,卡通,道具,卡通,CARTOON-POP
TOONShake,SHAKE,CARTOON,摇晃,卡通,搖晃,卡通,CARTOON-SHAKE
TOONSplt,SPLAT,CARTOON,啪嗒,卡通,啪嗒,卡通,CARTOON-SPLAT
TOONSqk,SQUEAK,CARTOON,摩擦,卡通,摩擦,卡通,CARTOON-SQUEAK
TOONStrch,STRETCH,CARTOON,伸缩,卡通,伸縮,卡通,CARTOON-STRETCH
TOONSwsh,SWISH,CARTOON,嗖嗖,卡通,嗖嗖,卡通,CARTOON-SWISH
TOONTwang,TWANG,CARTOON,弹拨声,卡通,彈撥聲,卡通,CARTOON-TWANG
TOONVeh,VEHICLE,CARTOON,载具,卡通,載具,卡通,CARTOON-VEHICLE
TOONVox,VOCAL,CARTOON,语音,卡通,語音,卡通,CARTOON-VOCAL
TOONWarb,WARBLE,CARTOON,颤音,卡通,顫音,卡通,CARTOON-WARBLE
TOONWhis,WHISTLE,CARTOON,哨子,卡通,哨子,卡通,CARTOON-WHISTLE
TOONZip,ZIP,CARTOON,拉链,卡通,拉鍊,卡通,CARTOON-ZIP
CERMBrk,BREAK,CERAMICS,打破,陶瓷,打破,陶瓷,CERAMICS-BREAK
CERMCrsh,CRASH & DEBRIS,CERAMICS,碎片,陶瓷,碎片,陶瓷,CERAMICS-CRASH & DEBRIS
CERMFric,FRICTION,CERAMICS,挤压,陶瓷,擠壓,陶瓷,CERAMICS-FRICTION
CERMHndl,HANDLE,CERAMICS,抓取,陶瓷,抓取,陶瓷,CERAMICS-HANDLE
CERMImpt,IMPACT,CERAMICS,打击,陶瓷,打擊,陶瓷,CERAMICS-IMPACT
CERMMisc,MISC,CERAMICS,其它,陶瓷,其它,陶瓷,CERAMICS-MISC
CERMMvmt,MOVEMENT,CERAMICS,移动,陶瓷,移動,陶瓷,CERAMICS-MOVEMENT
CERMTonl,TONAL,CERAMICS,音乐性,陶瓷,音樂性,陶瓷,CERAMICS-TONAL
CHAINBrk,BREAK,CHAINS,打破,链条,打破,鏈條,CHAINS-BREAK
CHAINHndl,HANDLE,CHAINS,抓取,链条,抓取,鏈條,CHAINS-HANDLE
CHAINImpt,IMPACT,CHAINS,打中,链条,打中,鏈條,CHAINS-IMPACT
CHAINMisc,MISC,CHAINS,其它,链条,其它,鏈條,CHAINS-MISC
CHAINMvmt,MOVEMENT,CHAINS,移动,链条,移動,鏈條,CHAINS-MOVEMENT
CHEMAcid,ACID,CHEMICALS,腐蚀,化学,腐蝕,化學,CHEMICALS-ACID
CHEMMisc,MISC,CHEMICALS,其它,化学,其它,化學,CHEMICALS-MISC
CHEMReac,REACTION,CHEMICALS,反应,化学,反應,化學,CHEMICALS-REACTION
CLOCKChim,CHIME,CLOCKS,风铃,钟表,風鈴,鐘錶,CLOCKS-CHIME
CLOCKMech,MECHANICS,CLOCKS,机械,钟表,機械,鐘錶,CLOCKS-MECHANICS
CLOCKMisc,MISC,CLOCKS,其它,钟表,其它,鐘錶,CLOCKS-MISC
CLOCKTick,TICK,CLOCKS,嘀嗒,钟表,嘀嗒,鐘錶,CLOCKS-TICK
CLOTHFlp,FLAP,CLOTH,抖动,布料,抖動,布料,CLOTH-FLAP
CLOTHHndl,HANDLE,CLOTH,抓取,布料,抓取,布料,CLOTH-HANDLE
CLOTHImpt,IMPACT,CLOTH,打击,布料,打擊,布料,CLOTH-IMPACT
CLOTHMisc,MISC,CLOTH,其它,布料,其它,布料,CLOTH-MISC
CLOTHMvmt,MOVEMENT,CLOTH,移动,布料,移動,布料,CLOTH-MOVEMENT
CLOTHRip,RIP,CLOTH,撕扯,布料,撕扯,布料,CLOTH-RIP
COMAv,AUDIO VISUAL,COMMUNICATIONS,影视设备,通讯,影視設備,通訊,COMMUNICATIONS-AUDIO VISUAL
COMCam,CAMERA,COMMUNICATIONS,照相机,通讯,照相機,通訊,COMMUNICATIONS-CAMERA
COMCell,CELLPHONE,COMMUNICATIONS,手机,通讯,手機,通訊,COMMUNICATIONS-CELLPHONE
COMMic,MICROPHONE,COMMUNICATIONS,麦克风,通讯,麥克風,通訊,COMMUNICATIONS-MICROPHONE
COMMisc,MISC,COMMUNICATIONS,其它,通讯,其它,通訊,COMMUNICATIONS-MISC
COMPhono,PHONOGRAPH,COMMUNICATIONS,留声机,通讯,留聲機,通訊,COMMUNICATIONS-PHONOGRAPH
COMRadio,RADIO,COMMUNICATIONS,收音机,通讯,收音機,通訊,COMMUNICATIONS-RADIO
COMStatic,STATIC,COMMUNICATIONS,干扰,通讯,干擾,通訊,COMMUNICATIONS-STATIC
COMTelm,TELEMETRY,COMMUNICATIONS,无线电,通讯,無線電,通訊,COMMUNICATIONS-TELEMETRY
COMTelph,TELEPHONE,COMMUNICATIONS,电话,通讯,電話,通訊,COMMUNICATIONS-TELEPHONE
COMTv,TELEVISION,COMMUNICATIONS,电视机,通讯,電視機,通訊,COMMUNICATIONS-TELEVISION
COMTran,TRANSCEIVER,COMMUNICATIONS,信号收发机,通讯,信號收發機,通訊,COMMUNICATIONS-TRANSCEIVER
COMType,TYPEWRITER,COMMUNICATIONS,打字机,通讯,打字機,通訊,COMMUNICATIONS-TYPEWRITER
CMPTDriv,HARD DRIVE,COMPUTERS,硬盘,电脑,硬盤,電腦,COMPUTERS-HARD DRIVE
CMPTKey,KEYBOARD & MOUSE,COMPUTERS,键鼠,电脑,鍵鼠,電腦,COMPUTERS-KEYBOARD & MOUSE
CMPTMisc,MISC,COMPUTERS,其它,电脑,其它,電腦,COMPUTERS-MISC
CREAAqua,AQUATIC,CREATURES,水生,生物,水生,生物,CREATURES-AQUATIC
CREAAvian,AVIAN,CREATURES,奇幻禽类,生物,奇幻禽類,生物,CREATURES-AVIAN
CREABeast,BEAST,CREATURES,野兽,生物,野獸,生物,CREATURES-BEAST
CREABlob,BLOB,CREATURES,黏体生物,生物,黏體生物,生物,CREATURES-BLOB
CREADino,DINOSAUR,CREATURES,恐龙,生物,恐龍,生物,CREATURES-DINOSAUR
CREADrgn,DRAGON,CREATURES,龙,生物,龍,生物,CREATURES-DRAGON
CREAElem,ELEMENTAL,CREATURES,精灵生物,生物,精靈生物,生物,CREATURES-ELEMENTAL
CREAEthr,ETHEREAL,CREATURES,鬼魂,生物,鬼魂,生物,CREATURES-ETHEREAL
CREAHmn,HUMANOID,CREATURES,类人动物,生物,類人動物,生物,CREATURES-HUMANOID
CREAInsc,INSECTOID,CREATURES,巨型昆虫,生物,巨型昆蟲,生物,CREATURES-INSECTOID
CREAMisc,MISC,CREATURES,其它,生物,其它,生物,CREATURES-MISC
CREAMnstr,MONSTER,CREATURES,怪兽,生物,怪獸,生物,CREATURES-MONSTER
CREARept,REPTILIAN,CREATURES,巨型爬行生物,生物,巨型爬行生物,生物,CREATURES-REPTILIAN
CREASmall,SMALL,CREATURES,小型神话生物,生物,小型神話生物,生物,CREATURES-SMALL
CREASrce,SOURCE,CREATURES,人声包,生物,人聲包,生物,CREATURES-SOURCE
CRWDAngr,ANGRY,CROWDS,愤怒,人群,憤怒,人群,CROWDS-ANGRY
CRWDApls,APPLAUSE,CROWDS,喝彩,人群,喝彩,人群,CROWDS-APPLAUSE
CRWDBatl,BATTLE,CROWDS,打斗,人群,打鬥,人群,CROWDS-BATTLE
CRWDCele,CELEBRATION,CROWDS,庆祝,人群,慶祝,人群,CROWDS-CELEBRATION
CRWDCheer,CHEERING,CROWDS,欢呼,人群,歡呼,人群,CROWDS-CHEERING
CRWDChld,CHILDREN,CROWDS,儿童,人群,兒童,人群,CROWDS-CHILDREN
CRWDConv,CONVERSATION,CROWDS,谈话,人群,談話,人群,CROWDS-CONVERSATION
CRWDLaff,LAUGHTER,CROWDS,笑,人群,笑,人群,CROWDS-LAUGHTER
CRWDLoop,LOOP GROUP,CROWDS,循环群杂,人群,循環群雜,人群,CROWDS-LOOP GROUP
CRWDMisc,MISC,CROWDS,其它,人群,其它,人群,CROWDS-MISC
CRWDPanic,PANIC,CROWDS,恐惧,人群,恐懼,人群,CROWDS-PANIC
CRWDQuiet,QUIET,CROWDS,安静,人群,安靜,人群,CROWDS-QUIET
CRWDReac,REACTION,CROWDS,反应,人群,反應,人群,CROWDS-REACTION
CRWDSing,SINGING,CROWDS,歌唱,人群,歌唱,人群,CROWDS-SINGING
CRWDSprt,SPORT,CROWDS,运动,人群,運動,人群,CROWDS-SPORT
CRWDWalla,WALLA,CROWDS,群杂,人群,群雜,人群,CROWDS-WALLA
DSGNBass,BASS DIVE,DESIGNED,低频下潜,声音设计,低頻下潛,聲音設計,DESIGNED-BASS DIVE
DSGNBoom,BOOM,DESIGNED,低频轰鸣,声音设计,低頻轟鳴,聲音設計,DESIGNED-BOOM
DSGNBram,BRAAM,DESIGNED,低频号角,声音设计,低頻號角,聲音設計,DESIGNED-BRAAM
DSGNDist,DISTORTION,DESIGNED,失真,声音设计,失真,聲音設計,DESIGNED-DISTORTION
DSGNDron,DRONE,DESIGNED,低音氛围,声音设计,低音氛圍,聲音設計,DESIGNED-DRONE
DSGNErie,EERIE,DESIGNED,毛骨悚然,声音设计,毛骨悚然,聲音設計,DESIGNED-EERIE
DSGNEthr,ETHEREAL,DESIGNED,鬼魅飘渺,声音设计,鬼魅飄渺,聲音設計,DESIGNED-ETHEREAL
DSGNGran,GRANULAR,DESIGNED,粒状,声音设计,粒狀,聲音設計,DESIGNED-GRANULAR
DSGNImpt,IMPACT,DESIGNED,碰撞,声音设计,碰撞,聲音設計,DESIGNED-IMPACT
DSGNMisc,MISC,DESIGNED,其它,声音设计,其它,聲音設計,DESIGNED-MISC
DSGNMorph,MORPH,DESIGNED,合成器,声音设计,合成器,聲音設計,DESIGNED-MORPH
DSGNRise,RISER,DESIGNED,渐强,声音设计,漸強,聲音設計,DESIGNED-RISER
DSGNRmbl,RUMBLE,DESIGNED,次声波,声音设计,次聲波,聲音設計,DESIGNED-RUMBLE
DSGNRythm,RHYTHMIC,DESIGNED,节奏性,声音设计,節奏性,聲音設計,DESIGNED-RHYTHMIC
DSGNSrce,SOURCE,DESIGNED,原始录音,声音设计,原始錄音,聲音設計,DESIGNED-SOURCE
DSGNStngr,STINGER,DESIGNED,重音强调,声音设计,重音強調,聲音設計,DESIGNED-STINGER
DSGNSynth,SYNTHETIC,DESIGNED,电子合成,声音设计,電子合成,聲音設計,DESIGNED-SYNTHETIC
DSGNTonl,TONAL,DESIGNED,音乐性,声音设计,音樂性,聲音設計,DESIGNED-TONAL
DSGNVocl,VOCAL,DESIGNED,人声,声音设计,人聲,聲音設計,DESIGNED-VOCAL
DSGNWhsh,WHOOSH,DESIGNED,呼声,声音设计,呼聲,聲音設計,DESIGNED-WHOOSH
DESTRClpse,COLLAPSE,DESTRUCTION,倒塌,拆除,倒塌,拆除,DESTRUCTION-COLLAPSE
DESTRCrsh,CRASH & DEBRIS,DESTRUCTION,碎片,拆除,碎片,拆除,DESTRUCTION-CRASH & DEBRIS
DESTRMisc,MISC,DESTRUCTION,其它,拆除,其它,拆除,DESTRUCTION-MISC
DIRTCrsh,CRASH & DEBRIS,DIRT & SAND,碎屑,沙土,碎屑,沙土,DIRT & SAND-CRASH & DEBRIS
DIRTDust,DUST,DIRT & SAND,灰尘,沙土,灰塵,沙土,DIRT & SAND-DUST
DIRTHndl,HANDLE,DIRT & SAND,抓取,沙土,抓取,沙土,DIRT & SAND-HANDLE
DIRTImpt,IMPACT,DIRT & SAND,碰撞,沙土,碰撞,沙土,DIRT & SAND-IMPACT
DIRTMisc,MISC,DIRT & SAND,其它,沙土,其它,沙土,DIRT & SAND-MISC
DIRTMvmt,MOVEMENT,DIRT & SAND,移动,沙土,移動,沙土,DIRT & SAND-MOVEMENT
DIRTTonl,TONAL,DIRT & SAND,音乐性,沙土,音樂性,沙土,DIRT & SAND-TONAL
DOORAntq,ANTIQUE,DOORS,古董,门,古董,門,DOORS-ANTIQUE
DOORAppl,APPLIANCE,DOORS,家电,门,家電,門,DOORS-APPLIANCE
DOORCab,CABINET,DOORS,箱柜,门,箱櫃,門,DOORS-CABINET
DOORComp,COMPOSITE,DOORS,特殊材料,门,特殊材料,門,DOORS-COMPOSITE
DOORCreak,CREAK,DOORS,嘎吱,门,嘎吱,門,DOORS-CREAK
DOORDungn,DUNGEON,DOORS,传统大门,门,傳統大門,門,DOORS-DUNGEON
DOORElec,ELECTRIC,DOORS,电动门,门,電動門,門,DOORS-ELECTRIC
DOORGate,GATE,DOORS,大门,门,大門,門,DOORS-GATE
DOORGlas,GLASS,DOORS,玻璃门,门,玻璃門,門,DOORS-GLASS
DOORHdwr,HARDWARE,DOORS,锁具,门,鎖具,門,DOORS-HARDWARE
DOORTech,HITECH,DOORS,高科技,门,高科技,門,DOORS-HITECH
DOORHydr,HYDRAULIC & PNEUMATIC,DOORS,液压与气动,门,液壓與氣動,門,DOORS-HYDRAULIC & PNEUMATIC
DOORKnck,KNOCK,DOORS,敲门,门,敲門,門,DOORS-KNOCK
DOORMetl,METAL,DOORS,金属门,门,金屬門,門,DOORS-METAL
DOORMisc,MISC,DOORS,其它,门,其它,門,DOORS-MISC
DOORPlas,PLASTIC,DOORS,塑料门,门,塑料門,門,DOORS-PLASTIC
DOORPrisn,PRISON,DOORS,牢门,门,牢門,門,DOORS-PRISON
DOORRevl,REVOLVING,DOORS,旋转门,门,旋轉門,門,DOORS-REVOLVING
DOORSlid,SLIDING,DOORS,滑动门,门,滑動門,門,DOORS-SLIDING
DOORSton,STONE,DOORS,石门,门,石門,門,DOORS-STONE
DOORSwng,SWINGING,DOORS,双开门,门,雙開門,門,DOORS-SWINGING
DOORWood,WOOD,DOORS,木门,门,木門,門,DOORS-WOOD
DRWRMetl,METAL,DRAWERS,金属,抽屉,金屬,抽屜,DRAWERS-METAL
DRWRMisc,MISC,DRAWERS,其它,抽屉,其它,抽屜,DRAWERS-MISC
DRWRPlas,PLASTIC,DRAWERS,塑料,抽屉,塑料,抽屜,DRAWERS-PLASTIC
DRWRWood,WOOD,DRAWERS,木制,抽屉,木製,抽屜,DRAWERS-WOOD
ELECArc,ARC,ELECTRICITY,电弧,电流,電弧,電流,ELECTRICITY-ARC
ELECBuzz,BUZZ & HUM,ELECTRICITY,电流噪声,电流,電流噪聲,電流,ELECTRICITY-BUZZ & HUM
ELECEmf,ELECTROMAGNETIC,ELECTRICITY,电磁,电流,電磁,電流,ELECTRICITY-ELECTROMAGNETIC
ELECMisc,MISC,ELECTRICITY,其它,电流,其它,電流,ELECTRICITY-MISC
ELECSprk,SPARKS,ELECTRICITY,电火花,电流,電火花,電流,ELECTRICITY-SPARKS
ELECZap,ZAP,ELECTRICITY,漏电,电流,漏電,電流,ELECTRICITY-ZAP
EQUIPBridle,BRIDLE & TACK,EQUIPMENT,挽具,器具,挽具,器具,EQUIPMENT-BRIDLE & TACK
EQUIPTech,HITECH,EQUIPMENT,高科技,器具,高科技,器具,EQUIPMENT-HITECH
EQUIPMisc,MISC,EQUIPMENT,其它,器具,其它,器具,EQUIPMENT-MISC
EQUIPRec,RECREATIONAL,EQUIPMENT,户外装备,器具,戶外裝備,器具,EQUIPMENT-RECREATIONAL
EQUIPSprt,SPORT,EQUIPMENT,运动装备,器具,運動裝備,器具,EQUIPMENT-SPORT
EQUIPTact,TACTICAL,EQUIPMENT,军事装备,器具,軍事裝備,器具,EQUIPMENT-TACTICAL
EXPLDsgn,DESIGNED,EXPLOSIONS,声音设计,爆炸,聲音設計,爆炸,EXPLOSIONS-DESIGNED
EXPLMisc,MISC,EXPLOSIONS,其它,爆炸,其它,爆炸,EXPLOSIONS-MISC
EXPLReal,REAL,EXPLOSIONS,真实,爆炸,真實,爆炸,EXPLOSIONS-REAL
FARTDsgn,DESIGNED,FARTS,声音设计,放屁,聲音設計,放屁,FARTS-DESIGNED
FARTMisc,MISC,FARTS,其它,放屁,其它,放屁,FARTS-MISC
FARTReal,REAL,FARTS,真实,放屁,真實,放屁,FARTS-REAL
FGHTBf,BODYFALL,FIGHT,跌倒,打斗,跌倒,打鬥,FIGHT-BODYFALL
FGHTClth,CLOTH,FIGHT,衣服,打斗,衣服,打鬥,FIGHT-CLOTH
FGHTGrab,GRAB,FIGHT,抓握,打斗,抓握,打鬥,FIGHT-GRAB
FGHTImpt,IMPACT,FIGHT,击打,打斗,擊打,打鬥,FIGHT-IMPACT
FGHTMisc,MISC,FIGHT,其它,打斗,其它,打鬥,FIGHT-MISC
FIREBurn,BURNING,FIRE,燃烧,火,燃燒,火,FIRE-BURNING
FIREBrst,BURST,FIRE,爆燃,火,爆燃,火,FIRE-BURST
FIRECrkl,CRACKLE,FIRE,爆裂,火,爆裂,火,FIRE-CRACKLE
FIREGas,GAS,FIRE,气体,火,氣體,火,FIRE-GAS
FIREIgn,IGNITE,FIRE,点火,火,點火,火,FIRE-IGNITE
FIREMisc,MISC,FIRE,其它,火,其它,火,FIRE-MISC
FIRESizz,SIZZLE,FIRE,滋滋声,火,滋滋聲,火,FIRE-SIZZLE
FIRETrch,TORCH,FIRE,火炬,火,火炬,火,FIRE-TORCH
FIRETurb,TURBULENT,FIRE,汹涌火势,火,洶湧火勢,火,FIRE-TURBULENT
FIREWhsh,WHOOSH,FIRE,呼呼声,火,呼呼聲,火,FIRE-WHOOSH
FRWKComr,COMMERCIAL,FIREWORKS,商业表演,烟花,商業表演,煙花,FIREWORKS-COMMERCIAL
FRWKMisc,MISC,FIREWORKS,其它,烟花,其它,煙花,FIREWORKS-MISC
FRWKRec,RECREATIONAL,FIREWORKS,自娱,烟花,自娛,煙花,FIREWORKS-RECREATIONAL
FOLYClth,CLOTH,FOLEY,布料/衣服,拟音,布料/衣服,擬音,FOLEY-CLOTH
FOLYFeet,FEET,FOLEY,脚步,拟音,腳步,擬音,FOLEY-FEET
FOLYHand,HANDS,FOLEY,手,拟音,手,擬音,FOLEY-HANDS
FOLYMisc,MISC,FOLEY,其它,拟音,其它,擬音,FOLEY-MISC
FOLYProp,PROP,FOLEY,道具,拟音,道具,擬音,FOLEY-PROP
FOODCook,COOKING,FOOD & DRINK,烹饪,食物,烹飪,食物,FOOD & DRINK-COOKING
FOODDrnk,DRINKING,FOOD & DRINK,喝,食物,喝,食物,FOOD & DRINK-DRINKING
FOODEat,EATING,FOOD & DRINK,吃东西,食物,吃東西,食物,FOOD & DRINK-EATING
FOODGware,GLASSWARE,FOOD & DRINK,玻璃器皿,食物,玻璃器皿,食物,FOOD & DRINK-GLASSWARE
FOODIngr,INGREDIENTS,FOOD & DRINK,食材,食物,食材,食物,FOOD & DRINK-INGREDIENTS
FOODKware,KITCHENWARE,FOOD & DRINK,厨具,食物,廚具,食物,FOOD & DRINK-KITCHENWARE
FOODMisc,MISC,FOOD & DRINK,其它,食物,其它,食物,FOOD & DRINK-MISC
FOODPour,POUR,FOOD & DRINK,泼洒,食物,潑灑,食物,FOOD & DRINK-POUR
FOODTware,TABLEWARE,FOOD & DRINK,餐具,食物,餐具,食物,FOOD & DRINK-TABLEWARE
FEETAnml,ANIMAL,FOOTSTEPS,动物,脚步,動物,腳步,FOOTSTEPS-ANIMAL
FEETCrea,CREATURE,FOOTSTEPS,怪物,脚步,怪物,腳步,FOOTSTEPS-CREATURE
FEETHors,HORSE,FOOTSTEPS,马,脚步,馬,腳步,FOOTSTEPS-HORSE
FEETHmn,HUMAN,FOOTSTEPS,人类,脚步,人類,腳步,FOOTSTEPS-HUMAN
FEETMisc,MISC,FOOTSTEPS,其它,脚步,其它,腳步,FOOTSTEPS-MISC
GAMEArcd,ARCADE,GAMES,街机游戏,游戏,街機遊戲,遊戲,GAMES-ARCADE
GAMEBoard,BOARD,GAMES,桌游,游戏,桌遊,遊戲,GAMES-BOARD
GAMECas,CASINO,GAMES,赌场,游戏,賭場,遊戲,GAMES-CASINO
GAMEMisc,MISC,GAMES,其它,游戏,其它,遊戲,GAMES-MISC
GAMEVideo,VIDEO,GAMES,单机,游戏,單機,遊戲,GAMES-VIDEO
GEOFuma,FUMAROLE,GEOTHERMAL,热浆,地热,熱漿,地熱,GEOTHERMAL-FUMAROLE
GEOGeyser,GEYSER,GEOTHERMAL,间歇泉,地热,間歇泉,地熱,GEOTHERMAL-GEYSER
GEOLava,LAVA,GEOTHERMAL,岩浆,地热,岩漿,地熱,GEOTHERMAL-LAVA
GEOMisc,MISC,GEOTHERMAL,其它,地热,其它,地熱,GEOTHERMAL-MISC
GEOMudpot,MUD POTS,GEOTHERMAL,泥浆,地热,泥漿,地熱,GEOTHERMAL-MUD POTS
GLASBrk,BREAK,GLASS,打破,玻璃,打破,玻璃,GLASS-BREAK
GLASCrsh,CRASH & DEBRIS,GLASS,碎片,玻璃,碎片,玻璃,GLASS-CRASH & DEBRIS
GLASFric,FRICTION,GLASS,挤压,玻璃,擠壓,玻璃,GLASS-FRICTION
GLASHndl,HANDLE,GLASS,抓取,玻璃,抓取,玻璃,GLASS-HANDLE
GLASImpt,IMPACT,GLASS,打击,玻璃,打擊,玻璃,GLASS-IMPACT
GLASMisc,MISC,GLASS,其它,玻璃,其它,玻璃,GLASS-MISC
GLASMvmt,MOVEMENT,GLASS,移动,玻璃,移動,玻璃,GLASS-MOVEMENT
GLASTonl,TONAL,GLASS,音乐性,玻璃,音樂性,玻璃,GLASS-TONAL
GOREBlood,BLOOD,GORE,血流,血,血流,血,GORE-BLOOD
GOREBone,BONE,GORE,骨头,血,骨頭,血,GORE-BONE
GOREBurn,BURN,GORE,燃烧,血,燃燒,血,GORE-BURN
GOREFlsh,FLESH,GORE,血肉,血,血肉,血,GORE-FLESH
GOREMisc,MISC,GORE,其它,血,其它,血,GORE-MISC
GOREOoze,OOZE,GORE,渗血,血,滲血,血,GORE-OOZE
GORESrce,SOURCE,GORE,原始录音,血,原始錄音,血,GORE-SOURCE
GORESplt,SPLAT,GORE,洒溅,血,灑濺,血,GORE-SPLAT
GORESqsh,SQUISH,GORE,血浆,血,血漿,血,GORE-SQUISH
GOREStab,STAB,GORE,捅,血,捅,血,GORE-STAB
GUNAntq,ANTIQUE,GUNS,古董枪,枪炮,古董槍,槍砲,GUNS-ANTIQUE
GUNArtl,ARTILLERY,GUNS,火炮,枪炮,火砲,槍砲,GUNS-ARTILLERY
GUNAuto,AUTOMATIC,GUNS,自动化武器,枪炮,自動化武器,槍砲,GUNS-AUTOMATIC
GUNCano,CANNON,GUNS,加农炮,枪炮,加農炮,槍砲,GUNS-CANNON
GUNHndl,HANDLE,GUNS,操作,枪支,操作,槍支,GUNS-HANDLE
GUNTech,HITECH,GUNS,高科技,枪炮,高科技,槍砲,GUNS-HITECH
GUNMech,MECHANISM,GUNS,机枪,枪炮,機槍,槍砲,GUNS-MECHANISM
GUNMisc,MISC,GUNS,其它,枪炮,其它,槍砲,GUNS-MISC
GUNPis,PISTOL,GUNS,手枪,枪炮,手槍,槍砲,GUNS-PISTOL
GUNRif,RIFLE,GUNS,步枪,枪炮,步槍,槍砲,GUNS-RIFLE
GUNShotg,SHOTGUN,GUNS,霰弹枪,枪炮,霰彈槍,槍砲,GUNS-SHOTGUN
GUNSupr,SUPPRESSED,GUNS,消音枪,枪炮,消音槍,槍砲,GUNS-SUPPRESSED
HORNAir,AIR POWERED,HORNS,气压式,号角,氣壓式,號角,HORNS-AIR POWERED
HORNCele,CELEBRATION,HORNS,欢庆用,号角,歡慶用,號角,HORNS-CELEBRATION
HORNMisc,MISC,HORNS,其它,号角,其它,號角,HORNS-MISC
HORNTrad,TRADITIONAL,HORNS,传统,号角,傳統,號角,HORNS-TRADITIONAL
HMNBlow,BLOW,HUMAN,吹,人,吹,人,HUMAN-BLOW
HMNBrth,BREATH,HUMAN,呼吸,人,呼吸,人,HUMAN-BREATH
HMNBurp,BURP,HUMAN,打嗝,人,打嗝,人,HUMAN-BURP
HMNCough,COUGH,HUMAN,咳嗽,人,咳嗽,人,HUMAN-COUGH
HMNHart,HEARTBEAT,HUMAN,心跳,人,心跳,人,HUMAN-HEARTBEAT
HMNKiss,KISS,HUMAN,接吻,人,接吻,人,HUMAN-KISS
HMNMisc,MISC,HUMAN,其它,人,其它,人,HUMAN-MISC
HMNPee,PEE,HUMAN,尿,人,尿,人,HUMAN-PEE
HMNSkin,SKIN,HUMAN,皮肤,人,皮膚,人,HUMAN-SKIN
HMNSneez,SNEEZE,HUMAN,打喷嚏,人,打噴嚏,人,HUMAN-SNEEZE
HMNSniff,SNIFF,HUMAN,闻,人,聞,人,HUMAN-SNIFF
HMNSnor,SNORE,HUMAN,打鼾,人,打鼾,人,HUMAN-SNORE
HMNSpit,SPIT,HUMAN,吐,人,吐,人,HUMAN-SPIT
HMNVomit,VOMIT,HUMAN,呕吐,人,嘔吐,人,HUMAN-VOMIT
ICEBrk,BREAK,ICE,打碎,冰,打碎,冰,ICE-BREAK
ICECrsh,CRASH & DEBRIS,ICE,碎片,冰,碎片,冰,ICE-CRASH & DEBRIS
ICEFric,FRICTION,ICE,挤压,冰,擠壓,冰,ICE-FRICTION
ICEHndl,HANDLE,ICE,抓取,冰,抓取,冰,ICE-HANDLE
ICEImpt,IMPACT,ICE,打击,冰,打擊,冰,ICE-IMPACT
ICEMisc,MISC,ICE,其它,冰,其它,冰,ICE-MISC
ICEMvmt,MOVEMENT,ICE,移动,冰,移動,冰,ICE-MOVEMENT
ICETonl,TONAL,ICE,音乐性,冰,音樂性,冰,ICE-TONAL
LASRBeam,BEAM,LASERS,光束,激光,光束,激光,LASERS-BEAM
LASRGun,GUN,LASERS,武器,激光,武器,激光,LASERS-GUN
LASRImpt,IMPACT,LASERS,打击,激光,打擊,激光,LASERS-IMPACT
LASRMisc,MISC,LASERS,其它,激光,其它,激光,LASERS-MISC
LETHRCreak,CREAK,LEATHER,嘎吱,皮革,嘎吱,皮革,LEATHER-CREAK
LETHRHndl,HANDLE,LEATHER,抓取,皮革,抓取,皮革,LEATHER-HANDLE
LETHRImpt,IMPACT,LEATHER,打击,皮革,打擊,皮革,LEATHER-IMPACT
LETHRMisc,MISC,LEATHER,其它,皮革,其它,皮革,LEATHER-MISC
LETHRMvmt,MOVEMENT,LEATHER,移动,皮革,移動,皮革,LEATHER-MOVEMENT
LIQBubl,BUBBLES,LIQUID & MUD,气泡,液体与流体,氣泡,液體與流體,LIQUID & MUD-BUBBLES
LIQImpt,IMPACT,LIQUID & MUD,打击,液体与流体,打擊,液體與流體,LIQUID & MUD-IMPACT
LIQMisc,MISC,LIQUID & MUD,其它,液体与流体,其它,液體與流體,LIQUID & MUD-MISC
LIQMvmt,MOVEMENT,LIQUID & MUD,移动,液体与流体,移動,液體與流體,LIQUID & MUD-MOVEMENT
LIQSuct,SUCTION,LIQUID & MUD,抽吸,液体与流体,抽吸,液體與流體,LIQUID & MUD-SUCTION
MACHAmus,AMUSEMENT,MACHINES,游乐,机器,遊樂,機器,MACHINES-AMUSEMENT
MACHAntq,ANTIQUE,MACHINES,老式,机器,老式,機器,MACHINES-ANTIQUE
MACHAppl,APPLIANCE,MACHINES,家电,机器,家電,機器,MACHINES-APPLIANCE
MACHCnst,CONSTRUCTION,MACHINES,施工,机器,施工,機器,MACHINES-CONSTRUCTION
MACHElev,ELEVATOR,MACHINES,电梯,机器,電梯,機器,MACHINES-ELEVATOR
MACHEscl,ESCALATOR,MACHINES,自动扶梯,机器,自動扶梯,機器,MACHINES-ESCALATOR
MACHFan,FAN,MACHINES,风扇,机器,風扇,機器,MACHINES-FAN
MACHGrdn,GARDEN,MACHINES,花园,机器,花園,機器,MACHINES-GARDEN
MACHGym,GYM,MACHINES,健身房,机器,健身房,機器,MACHINES-GYM
MACHTech,HITECH,MACHINES,高科技,机器,高科技,機器,MACHINES-HITECH
MACHHvac,HVAC,MACHINES,空调,机器,空調,機器,MACHINES-HVAC
MACHInd,INDUSTRIAL,MACHINES,工业,机器,工業,機器,MACHINES-INDUSTRIAL
MACHMech,MECHANISM,MACHINES,装置,机器,裝置,機器,MACHINES-MECHANISM
MACHMed,MEDICAL,MACHINES,医疗,机器,醫療,機器,MACHINES-MEDICAL
MACHMisc,MISC,MACHINES,其它,机器,其它,機器,MACHINES-MISC
MACHOffc,OFFICE,MACHINES,办公设备,机器,辦公設備,機器,MACHINES-OFFICE
MACHPump,PUMP,MACHINES,泵,机器,泵,機器,MACHINES-PUMP
MAGAngl,ANGELIC,MAGIC,天使,魔法,天使,魔法,MAGIC-ANGELIC
MAGElem,ELEMENTAL,MAGIC,元素,魔法,元素,魔法,MAGIC-ELEMENTAL
MAGEvil,EVIL,MAGIC,邪恶,魔法,邪惡,魔法,MAGIC-EVIL
MAGMisc,MISC,MAGIC,其它,魔法,其它,魔法,MAGIC-MISC
MAGPoof,POOF,MAGIC,嘭,魔法,嘭,魔法,MAGIC-POOF
MAGShim,SHIMMER,MAGIC,闪耀,魔法,閃耀,魔法,MAGIC-SHIMMER
MAGSpel,SPELL,MAGIC,咒语,魔法,咒語,魔法,MAGIC-SPELL
MECHClik,CLICK,MECHANICAL,咔哒,机械,咔噠,機械,MECHANICAL-CLICK
MECHGear,GEARS,MECHANICAL,齿轮,机械,齒輪,機械,MECHANICAL-GEARS
MECHHydr,HYDRAULIC & PNEUMATIC,MECHANICAL,液压与气动,机械,液壓與氣動,機械,MECHANICAL-HYDRAULIC & PNEUMATIC
MECHLtch,LATCH,MECHANICAL,插销,机械,插銷,機械,MECHANICAL-LATCH
MECHLvr,LEVER,MECHANICAL,操纵杆,机械,操縱桿,機械,MECHANICAL-LEVER
MECHLock,LOCK,MECHANICAL,锁,机械,鎖,機械,MECHANICAL-LOCK
MECHMisc,MISC,MECHANICAL,其它,机械,其它,機械,MECHANICAL-MISC
MECHPuly,PULLEY,MECHANICAL,滑轮,机械,滑輪,機械,MECHANICAL-PULLEY
MECHRtch,RATCHET,MECHANICAL,棘轮,机械,棘輪,機械,MECHANICAL-RATCHET
MECHRelay,RELAY,MECHANICAL,传动,机械,傳動,機械,MECHANICAL-RELAY
MECHRolr,ROLLER,MECHANICAL,滚筒,机械,滾筒,機械,MECHANICAL-ROLLER
MECHSwtch,SWITCH,MECHANICAL,开关,机械,開關,機械,MECHANICAL-SWITCH
METLBrk,BREAK,METAL,断裂,金属,斷裂,金屬,METAL-BREAK
METLCrsh,CRASH & DEBRIS,METAL,碎片,金属,碎片,金屬,METAL-CRASH & DEBRIS
METLFric,FRICTION,METAL,挤压,金属,擠壓,金屬,METAL-FRICTION
METLHndl,HANDLE,METAL,抓取,金属,抓取,金屬,METAL-HANDLE
METLImpt,IMPACT,METAL,打击,金属,打擊,金屬,METAL-IMPACT
METLMisc,MISC,METAL,其它,金属,其它,金屬,METAL-MISC
METLMvmt,MOVEMENT,METAL,移动,金属,移動,金屬,METAL-MOVEMENT
METLTonl,TONAL,METAL,音乐性,金属,音樂性,金屬,METAL-TONAL
MOTRAntq,ANTIQUE,MOTORS,老式,马达,老式,馬達,MOTORS-ANTIQUE
MOTRComb,COMBUSTION,MOTORS,内燃机,马达,內燃機,馬達,MOTORS-COMBUSTION
MOTRElec,ELECTRIC,MOTORS,电动,马达,電動,馬達,MOTORS-ELECTRIC
MOTRMisc,MISC,MOTORS,其它,马达,其它,馬達,MOTORS-MISC
MOTRSrvo,SERVO,MOTORS,伺服电机,马达,伺服電機,馬達,MOTORS-SERVO
MOTRTurb,TURBINE,MOTORS,涡轮,马达,渦輪,馬達,MOTORS-TURBINE
MOVEActv,ACTIVITY,MOVEMENT,活动,移动,活動,移動,MOVEMENT-ACTIVITY
MOVEAnml,ANIMAL,MOVEMENT,动物,移动,動物,移動,MOVEMENT-ANIMAL
MOVECrea,CREATURE,MOVEMENT,生物,移动,生物,移動,MOVEMENT-CREATURE
MOVECrwd,CROWD,MOVEMENT,人群,移动,人群,移動,MOVEMENT-CROWD
MOVEHmn,HUMAN,MOVEMENT,人类,移动,人類,移動,MOVEMENT-HUMAN
MOVEInsc,INSECT,MOVEMENT,昆虫,移动,昆蟲,移動,MOVEMENT-INSECT
MOVEMisc,MISC,MOVEMENT,其它,移动,其它,移動,MOVEMENT-MISC
MOVEPres,PRESENCE,MOVEMENT,状态,移动,狀態,移動,MOVEMENT-PRESENCE
MUSCBell,BELLS,MUSICAL,钟铃,乐句,鐘鈴,樂句,MUSICAL-BELLS
MUSCBrass,BRASS,MUSICAL,铜管,乐句,銅管,樂句,MUSICAL-BRASS
MUSCChim,CHIME,MUSICAL,钟铃,乐句,鐘鈴,樂句,MUSICAL-CHIME
MUSCChor,CHORAL,MUSICAL,合唱,乐句,合唱,樂句,MUSICAL-CHORAL
MUSCExpr,EXPERIMENTAL,MUSICAL,实验,乐句,實驗,樂句,MUSICAL-EXPERIMENTAL
MUSCInst,INSTRUMENT,MUSICAL,器乐,乐句,器樂,樂句,MUSICAL-INSTRUMENT
MUSCKeyd,KEYED,MUSICAL,键控,乐句,鍵控,樂句,MUSICAL-KEYED
MUSCLoop,LOOP,MUSICAL,循环,乐句,循環,樂句,MUSICAL-LOOP
MUSCMisc,MISC,MUSICAL,其它,乐句,其它,樂句,MUSICAL-MISC
MUSCPerc,PERCUSSION,MUSICAL,打击,乐句,打擊,樂句,MUSICAL-PERCUSSION
MUSCTnprc,PERCUSSION TUNED,MUSICAL,打击乐,乐句,打擊樂,樂句,MUSICAL-PERCUSSION TUNED
MUSCPrfm,PERFORMANCE,MUSICAL,表演,乐句,表演,樂句,MUSICAL-PERFORMANCE
MUSCPluck,PLUCKED,MUSICAL,拨弦乐,乐句,撥弦樂,樂句,MUSICAL-PLUCKED
MUSCSmpl,SAMPLE,MUSICAL,采样,乐句,採樣,樂句,MUSICAL-SAMPLE
MUSCShake,SHAKEN,MUSICAL,摇动,乐句,搖動,樂句,MUSICAL-SHAKEN
MUSCSong,SONG & PHRASE,MUSICAL,乐句,乐句,樂句,樂句,MUSICAL-SONG & PHRASE
MUSCStngr,STINGER,MUSICAL,重击音,乐句,重擊音,樂句,MUSICAL-STINGER
MUSCStr,STRINGED,MUSICAL,弦乐,乐句,弦樂,樂句,MUSICAL-STRINGED
MUSCSynth,SYNTHESIZED,MUSICAL,合成器,乐句,合成器,樂句,MUSICAL-SYNTHESIZED
MUSCToy,TOY,MUSICAL,玩具,乐句,玩具,樂句,MUSICAL-TOY
MUSCWind,WOODWIND,MUSICAL,木管,乐句,木管,樂句,MUSICAL-WOODWIND
NATDAval,AVALANCHE,NATURAL DISASTER,雪崩,自然灾害,雪崩,自然災害,NATURAL DISASTER-AVALANCHE
NATDQuak,EARTHQUAKE,NATURAL DISASTER,地震,自然灾害,地震,自然災害,NATURAL DISASTER-EARTHQUAKE
NATDMisc,MISC,NATURAL DISASTER,其它,自然灾害,其它,自然災害,NATURAL DISASTER-MISC
NATDTorn,TORNADO,NATURAL DISASTER,龙卷风,自然灾害,龍捲風,自然災害,NATURAL DISASTER-TORNADO
NATDTsun,TSUNAMI,NATURAL DISASTER,热带风暴,自然灾害,熱帶風暴,自然災害,NATURAL DISASTER-TSUNAMI
NATDThyp,TYPHOON,NATURAL DISASTER,台风,自然灾害,颱風,自然災害,NATURAL DISASTER-TYPHOON
NATDVolc,VOLCANO,NATURAL DISASTER,火山喷发,自然灾害,火山噴發,自然災害,NATURAL DISASTER-VOLCANO
OBJBag,BAG,OBJECTS,袋子,物件,袋子,物件,OBJECTS-BAG
OBJBook,BOOK,OBJECTS,书籍,物件,書籍,物件,OBJECTS-BOOK
OBJCoin,COIN,OBJECTS,硬币,物件,硬幣,物件,OBJECTS-COIN
OBJCont,CONTAINER,OBJECTS,箱盒,物件,箱盒,物件,OBJECTS-CONTAINER
OBJFash,FASHION,OBJECTS,花园,物件,花園,物件,OBJECTS-FASHION
OBJFurn,FURNITURE,OBJECTS,健身房,物件,健身房,物件,OBJECTS-FURNITURE
OBJGrdn,GARDEN,OBJECTS,时尚,物件,時尚,物件,OBJECTS-GARDEN
OBJGym,GYM,OBJECTS,家具,物件,家具,物件,OBJECTS-GYM
OBJHsehld,HOUSEHOLD,OBJECTS,家用品,物件,家用品,物件,OBJECTS-HOUSEHOLD
OBJJewl,JEWELRY,OBJECTS,珠宝首饰,物件,珠寶首飾,物件,OBJECTS-JEWELRY
OBJKey,KEYS,OBJECTS,钥匙,物件,鑰匙,物件,OBJECTS-KEYS
OBJLug,LUGGAGE,OBJECTS,行李,物件,行李,物件,OBJECTS-LUGGAGE
OBJMed,MEDICAL,OBJECTS,医疗,物件,醫療,物件,OBJECTS-MEDICAL
OBJMisc,MISC,OBJECTS,其它,物件,其它,物件,OBJECTS-MISC
OBJOffc,OFFICE,OBJECTS,办公设备,物件,辦公設備,物件,OBJECTS-OFFICE
OBJPack,PACKAGING,OBJECTS,包装品,物件,包裝品,物件,OBJECTS-PACKAGING
OBJTape,TAPE,OBJECTS,胶带制品,物件,膠帶製品,物件,OBJECTS-TAPE
OBJUmbr,UMBRELLA,OBJECTS,伞,物件,傘,物件,OBJECTS-UMBRELLA
OBJWhled,WHEELED,OBJECTS,有轮制品,物件,有輪製品,物件,OBJECTS-WHEELED
OBJWrite,WRITING,OBJECTS,书写用品,物件,書寫用品,物件,OBJECTS-WRITING
OBJZipr,ZIPPER,OBJECTS,拉链,物件,拉鍊,物件,OBJECTS-ZIPPER
PAPRFltr,FLUTTER,PAPER,抖动,纸张,抖動,紙張,PAPER-FLUTTER
PAPRFric,FRICTION,PAPER,碰撞,纸张,碰撞,紙張,PAPER-FRICTION
PAPRHndl,HANDLE,PAPER,手持噪音,纸张,手持噪音,紙張,PAPER-HANDLE
PAPRImpt,IMPACT,PAPER,摩擦,纸张,摩擦,紙張,PAPER-IMPACT
PAPRMisc,MISC,PAPER,其它,纸张,其它,紙張,PAPER-MISC
PAPRRip,RIP,PAPER,撕扯,纸张,撕扯,紙張,PAPER-RIP
PAPRTonl,TONAL,PAPER,音乐性,纸张,音樂性,紙張,PAPER-TONAL
PLASBrk,BREAK,PLASTIC,断裂,塑料,斷裂,塑料,PLASTIC-BREAK
PLASCrsh,CRASH & DEBRIS,PLASTIC,碎片,塑料,碎片,塑料,PLASTIC-CRASH & DEBRIS
PLASFric,FRICTION,PLASTIC,挤压,塑料,擠壓,塑料,PLASTIC-FRICTION
PLASHndl,HANDLE,PLASTIC,抓取,塑料,抓取,塑料,PLASTIC-HANDLE
PLASImpt,IMPACT,PLASTIC,打击,塑料,打擊,塑料,PLASTIC-IMPACT
PLASMisc,MISC,PLASTIC,其它,塑料,其它,塑料,PLASTIC-MISC
PLASMvmt,MOVEMENT,PLASTIC,移动,塑料,移動,塑料,PLASTIC-MOVEMENT
PLASTonl,TONAL,PLASTIC,音乐性,塑料,音樂性,塑料,PLASTIC-TONAL
RAINClth,CLOTH,RAIN,布料,雨,布料,雨,RAIN-CLOTH
RAINConc,CONCRETE,RAIN,水泥,雨,水泥,雨,RAIN-CONCRETE
RAIN,GENERAL,RAIN,通用,雨,通用,雨,RAIN-GENERAL
RAINGlas,GLASS,RAIN,玻璃,雨,玻璃,雨,RAIN-GLASS
RAINInt,INTERIOR,RAIN,车内,雨,車內,雨,RAIN-INTERIOR
RAINMetl,METAL,RAIN,金属,雨,金屬,雨,RAIN-METAL
RAINPlas,PLASTIC,RAIN,塑料,雨,塑料,雨,RAIN-PLASTIC
RAINVege,VEGETATION,RAIN,植物,雨,植物,雨,RAIN-VEGETATION
RAINWatr,WATER,RAIN,水,雨,水,雨,RAIN-WATER
RAINWood,WOOD,RAIN,木质,雨,木質,雨,RAIN-WOOD
ROBTMisc,MISC,ROBOTS,其它,机器人,其它,機器人,ROBOTS-MISC
ROBTMvmt,MOVEMENT,ROBOTS,运动,机器人,運動,機器人,ROBOTS-MOVEMENT
ROBTVox,VOCAL,ROBOTS,语音,机器人,語音,機器人,ROBOTS-VOCAL
ROCKBrk,BREAK,ROCKS,断裂,岩石,斷裂,岩石,ROCKS-BREAK
ROCKCrsh,CRASH & DEBRIS,ROCKS,碎片,岩石,碎片,岩石,ROCKS-CRASH & DEBRIS
ROCKFric,FRICTION,ROCKS,挤压,岩石,擠壓,岩石,ROCKS-FRICTION
ROCKHndl,HANDLE,ROCKS,抓取,岩石,抓取,岩石,ROCKS-HANDLE
ROCKImpt,IMPACT,ROCKS,打击,岩石,打擊,岩石,ROCKS-IMPACT
ROCKMisc,MISC,ROCKS,其它,岩石,其它,岩石,ROCKS-MISC
ROCKMvmt,MOVEMENT,ROCKS,移动,岩石,移動,岩石,ROCKS-MOVEMENT
ROCKTonl,TONAL,ROCKS,音乐性,岩石,音樂性,岩石,ROCKS-TONAL
ROPECreak,CREAK,ROPE,拉扯,绳索,拉扯,繩索,ROPE-CREAK
ROPEHndl,HANDLE,ROPE,抓取,绳索,抓取,繩索,ROPE-HANDLE
ROPEImpt,IMPACT,ROPE,打击,绳索,打擊,繩索,ROPE-IMPACT
ROPEMisc,MISC,ROPE,其它,绳索,其它,繩索,ROPE-MISC
ROPEMvmt,MOVEMENT,ROPE,移动,绳索,移動,繩索,ROPE-MOVEMENT
RUBRCrsh,CRASH & DEBRIS,RUBBER,碎片,橡胶,碎片,橡膠,RUBBER-CRASH & DEBRIS
RUBRFric,FRICTION,RUBBER,挤压,橡胶,擠壓,橡膠,RUBBER-FRICTION
RUBRHndl,HANDLE,RUBBER,抓取,橡胶,抓取,橡膠,RUBBER-HANDLE
RUBRImpt,IMPACT,RUBBER,打击,橡胶,打擊,橡膠,RUBBER-IMPACT
RUBRMisc,MISC,RUBBER,其它,橡胶,其它,橡膠,RUBBER-MISC
RUBRMvmt,MOVEMENT,RUBBER,移动,橡胶,移動,橡膠,RUBBER-MOVEMENT
RUBRTonl,TONAL,RUBBER,音乐性,橡胶,音樂性,橡膠,RUBBER-TONAL
SCIAlrm,ALARM,SCIFI,警报,科幻,警報,科幻,SCIFI-ALARM
SCICmpt,COMPUTER,SCIFI,电脑,科幻,電腦,科幻,SCIFI-COMPUTER
SCIDoor,DOOR,SCIFI,门,科幻,門,科幻,SCIFI-DOOR
SCIEnrg,ENERGY,SCIFI,能量,科幻,能量,科幻,SCIFI-ENERGY
SCIImpt,IMPACT,SCIFI,打击,科幻,打擊,科幻,SCIFI-IMPACT
SCIMach,MACHINE,SCIFI,机械,科幻,機械,科幻,SCIFI-MACHINE
SCIMech,MECHANISM,SCIFI,机械设备,科幻,機械設備,科幻,SCIFI-MECHANISM
SCIMisc,MISC,SCIFI,其它,科幻,其它,科幻,SCIFI-MISC
SCIRetro,RETRO,SCIFI,复古,科幻,復古,科幻,SCIFI-RETRO
SCIShip,SPACESHIP,SCIFI,太空船,科幻,太空船,科幻,SCIFI-SPACESHIP
SCIVeh,VEHICLE,SCIFI,载具,科幻,載具,科幻,SCIFI-VEHICLE
SCIWeap,WEAPON,SCIFI,武器,科幻,武器,科幻,SCIFI-WEAPON
SNOWCrsh,CRASH & DEBRIS,SNOW,碎片,雪,碎片,雪,SNOW-CRASH & DEBRIS
SNOWFric,FRICTION,SNOW,挤压,雪,擠壓,雪,SNOW-FRICTION
SNOWHndl,HANDLE,SNOW,抓取,雪,抓取,雪,SNOW-HANDLE
SNOWImpt,IMPACT,SNOW,打击,雪,打擊,雪,SNOW-IMPACT
SNOWMisc,MISC,SNOW,其它,雪,其它,雪,SNOW-MISC
SNOWMvmt,MOVEMENT,SNOW,移动,雪,移動,雪,SNOW-MOVEMENT
SPRTCourt,COURT,SPORTS,球类运动,运动,球類運動,運動,SPORTS-COURT
SPRTField,FIELD,SPORTS,户外运动,运动,戶外運動,運動,SPORTS-FIELD
SPRTGym,GYM,SPORTS,健身,运动,健身,運動,SPORTS-GYM
SPRTIndor,INDOOR,SPORTS,室内运动,运动,室內運動,運動,SPORTS-INDOOR
SPRTMisc,MISC,SPORTS,其它,运动,其它,運動,SPORTS-MISC
SPRTSkate,SKATE,SPORTS,冰上运动,运动,冰上運動,運動,SPORTS-SKATE
SPRTTrck,TRACK & FIELD,SPORTS,田径,运动,田徑,運動,SPORTS-TRACK & FIELD
SPRTWatr,WATER,SPORTS,水上运动,运动,水上運動,運動,SPORTS-WATER
SPRTWntr,WINTER,SPORTS,冬季运动,运动,冬季運動,運動,SPORTS-WINTER
SWSH,SWISH,SWOOSHES,嗖嗖声,嗖嗖声,嗖嗖聲,嗖嗖聲,SWOOSHES-SWISH
WHSH,WHOOSH,SWOOSHES,呼呼声,呼呼声,呼呼聲,呼呼聲,SWOOSHES-WHOOSH
TOOLGrdn,GARDEN,TOOLS,园林工具,工具,園林工具,工具,TOOLS-GARDEN
TOOLHand,HAND,TOOLS,手持,工具,手持,工具,TOOLS-HAND
TOOLMisc,MISC,TOOLS,其它,工具,其它,工具,TOOLS-MISC
TOOLPneu,PNEUMATIC,TOOLS,气动,工具,氣動,工具,TOOLS-PNEUMATIC
TOOLPowr,POWER,TOOLS,电动,工具,電動,工具,TOOLS-POWER
TOYElec,ELECTRONIC,TOYS,电动,玩具,電動,玩具,TOYS-ELECTRONIC
TOYMech,MECHANICAL,TOYS,机械,玩具,機械,玩具,TOYS-MECHANICAL
TOYMisc,MISC,TOYS,其它,玩具,其它,玩具,TOYS-MISC
TRNBrake,BRAKE,TRAINS,刹车,火车,剎車,火車,TRAINS-BRAKE
TRNClak,CLACK,TRAINS,哐当,火车,哐當,火車,TRAINS-CLACK
TRNDoor,DOOR,TRAINS,门,火车,門,火車,TRAINS-DOOR
TRNDiesl,DIESEL,TRAINS,内燃机车,火车,內燃機車,火車,TRAINS-DIESEL
TRNElec,ELECTRIC,TRAINS,电力机车,火车,電力機車,火車,TRAINS-ELECTRIC
TRNHspd,HIGH SPEED,TRAINS,高速列车,火车,高速列車,火車,TRAINS-HIGH SPEED
TRNHorn,HORN,TRAINS,鸣笛,火车,鳴笛,火車,TRAINS-HORN
TRNInt,INTERIOR,TRAINS,车厢内,火车,車廂內,火車,TRAINS-INTERIOR
TRNMech,MECHANISM,TRAINS,机械,火车,機械,火車,TRAINS-MECHANISM
TRNMisc,MISC,TRAINS,其它,火车,其它,火車,TRAINS-MISC
TRNSteam,STEAM,TRAINS,蒸汽火车,火车,蒸汽火車,火車,TRAINS-STEAM
TRNSbwy,SUBWAY,TRAINS,地铁,火车,地鐵,火車,TRAINS-SUBWAY
TRNTram,TRAM,TRAINS,电车,火车,電車,火車,TRAINS-TRAM
UIAlert,ALERT,USER INTERFACE,警告,用户界面,警告,用戶界面,USER INTERFACE-ALERT
UIBeep,BEEP,USER INTERFACE,提示音,用户界面,提示音,用戶界面,USER INTERFACE-BEEP
UIClick,CLICK,USER INTERFACE,点击,用户界面,點擊,用戶界面,USER INTERFACE-CLICK
UIData,DATA,USER INTERFACE,数据,用户界面,數據,用戶界面,USER INTERFACE-DATA
UIGlitch,GLITCH,USER INTERFACE,故障,用户界面,故障,用戶界面,USER INTERFACE-GLITCH
UIMisc,MISC,USER INTERFACE,其它,用户界面,其它,用戶界面,USER INTERFACE-MISC
UIMvmt,MOTION,USER INTERFACE,动态,用户界面,動態,用戶界面,USER INTERFACE-MOTION
VEGEGras,GRASS,VEGETATION,草,植物,草,植物,VEGETATION-GRASS
VEGELeaf,LEAVES,VEGETATION,叶,植物,葉,植物,VEGETATION-LEAVES
VEGEMisc,MISC,VEGETATION,其它,植物,其它,植物,VEGETATION-MISC
VEGETree,TREE,VEGETATION,树,植物,樹,植物,VEGETATION-TREE
VEHAlrm,ALARM,VEHICLES,警报,车辆,警報,車輛,VEHICLES-ALARM
VEHAntq,ANTIQUE,VEHICLES,古董车,车辆,古董車,車輛,VEHICLES-ANTIQUE
VEHAtv,ATV,VEHICLES,全地形车,车辆,全地形車,車輛,VEHICLES-ATV
VEHBike,BICYCLE,VEHICLES,自行车,车辆,自行車,車輛,VEHICLES-BICYCLE
VEHBrake,BRAKE,VEHICLES,刹车,车辆,剎車,車輛,VEHICLES-BRAKE
VEHBus,BUS,VEHICLES,公交车,车辆,公交車,車輛,VEHICLES-BUS
VEHCar,CAR,VEHICLES,汽车,车辆,汽車,車輛,VEHICLES-CAR
VEHCnst,CONSTRUCTION,VEHICLES,工程车,车辆,工程車,車輛,VEHICLES-CONSTRUCTION
VEHDoor,DOOR,VEHICLES,门,车辆,門,車輛,VEHICLES-DOOR
VEHElec,ELECTRIC,VEHICLES,电动,车辆,電動,車輛,VEHICLES-ELECTRIC
VEHEmrg,EMERGENCY,VEHICLES,紧急状态,车辆,緊急狀態,車輛,VEHICLES-EMERGENCY
VEHFarm,FARM,VEHICLES,农场,车辆,農場,車輛,VEHICLES-FARM
VEHFrght,FREIGHT,VEHICLES,货车,车辆,貨車,車輛,VEHICLES-FREIGHT
VEHBy,GENERIC BY,VEHICLES,通用驰过,车辆,通用馳過,車輛,VEHICLES-GENERIC BY
VEHHorn,HORN,VEHICLES,鸣笛,车辆,鳴笛,車輛,VEHICLES-HORN
VEHInt,INTERIOR,VEHICLES,车内,车辆,車內,車輛,VEHICLES-INTERIOR
VEHJalop,JALOPY,VEHICLES,熄火,车辆,熄火,車輛,VEHICLES-JALOPY
VEHMech,MECHANISM,VEHICLES,设施,车辆,設施,車輛,VEHICLES-MECHANISM
VEHMil,MILITARY,VEHICLES,军用,车辆,軍用,車輛,VEHICLES-MILITARY
VEHMisc,MISC,VEHICLES,其它,车辆,其它,車輛,VEHICLES-MISC
VEHMoto,MOTORCYCLE,VEHICLES,摩托车,车辆,摩托車,車輛,VEHICLES-MOTORCYCLE
VEHRace,RACING,VEHICLES,赛车,车辆,賽車,車輛,VEHICLES-RACING
VEHSirn,SIREN,VEHICLES,警报车辆,车辆,警報車輛,車輛,VEHICLES-SIREN
VEHSkid,SKID,VEHICLES,轮胎摩擦,车辆,輪胎摩擦,車輛,VEHICLES-SKID
VEHSusp,SUSPENSION,VEHICLES,悬挂,车辆,懸掛,車輛,VEHICLES-SUSPENSION
VEHTire,TIRE,VEHICLES,轮胎打滑,车辆,輪胎打滑,車輛,VEHICLES-TIRE
VEHTruck,TRUCK VAN & SUV,VEHICLES,厢式车,车辆,廂式車,車輛,VEHICLES-TRUCK VAN & SUV
VEHUtil,UTILITY,VEHICLES,工具,车辆,工具,車輛,VEHICLES-UTILITY
VEHWagn,WAGON,VEHICLES,马车,车辆,馬車,車輛,VEHICLES-WAGON
VEHWndw,WINDOW,VEHICLES,窗,车辆,窗,車輛,VEHICLES-WINDOW
VOXAlien,ALIEN,VOICES,外星人,语音,外星人,語音,VOICES-ALIEN
VOXBaby,BABY,VOICES,婴儿,语音,嬰兒,語音,VOICES-BABY
VOXCheer,CHEER,VOICES,欢呼,语音,歡呼,語音,VOICES-CHEER
VOXChld,CHILD,VOICES,儿童,语音,兒童,語音,VOICES-CHILD
VOXCry,CRYING,VOICES,哭泣,语音,哭泣,語音,VOICES-CRYING
VOXEfrt,EFFORTS,VOICES,呼喝,语音,呼喝,語音,VOICES-EFFORTS
VOXFem,FEMALE,VOICES,女性,语音,女性,語音,VOICES-FEMALE
VOXFutz,FUTZED,VOICES,音响化,语音,音響化,語音,VOICES-FUTZED
VOXHist,HISTORICAL,VOICES,历史感,语音,歷史感,語音,VOICES-HISTORICAL
VOXLaff,LAUGH,VOICES,笑,语音,笑,語音,VOICES-LAUGH
VOXMale,MALE,VOICES,男性,语音,男性,語音,VOICES-MALE
VOXMisc,MISC,VOICES,其它,语音,其它,語音,VOICES-MISC
VOXReac,REACTION,VOICES,反应,语音,反應,語音,VOICES-REACTION
VOXScrm,SCREAM,VOICES,尖叫,语音,尖叫,語音,VOICES-SCREAM
VOXSing,SINGING,VOICES,歌唱,语音,歌唱,語音,VOICES-SINGING
VOXWhsp,WHISPER,VOICES,窃语,语音,竊語,語音,VOICES-WHISPER
WATRBubl,BUBBLES,WATER,气泡,水,氣泡,水,WATER-BUBBLES
WATRDran,DRAIN,WATER,排水,水,排水,水,WATER-DRAIN
WATRDrip,DRIP,WATER,滴,水,滴,水,WATER-DRIP
WATRFizz,FIZZ,WATER,气泡,水,氣泡,水,WATER-FIZZ
WATRFlow,FLOW,WATER,水流,水,水流,水,WATER-FLOW
WATRFoun,FOUNTAIN,WATER,喷泉,水,噴泉,水,WATER-FOUNTAIN
WATRImpt,IMPACT,WATER,击打,水,擊打,水,WATER-IMPACT
WATRLap,LAP,WATER,拍浪,水,拍浪,水,WATER-LAP
WATRMisc,MISC,WATER,其它,水,其它,水,WATER-MISC
WATRMvmt,MOVEMENT,WATER,移动,水,移動,水,WATER-MOVEMENT
WATRPlmb,PLUMBING,WATER,水管道,水,水管道,水,WATER-PLUMBING
WATRPour,POUR,WATER,倒水,水,倒水,水,WATER-POUR
WATRSplsh,SPLASH,WATER,泼洒飞溅,水,潑灑飛濺,水,WATER-SPLASH
WATRSpray,SPRAY,WATER,水花,水,水花,水,WATER-SPRAY
WATRStm,STEAM,WATER,蒸汽,水,蒸汽,水,WATER-STEAM
WATRSurf,SURF,WATER,浪花拍岸,水,浪花拍岸,水,WATER-SURF
WATRTurb,TURBULENT,WATER,汹涌澎湃,水,洶湧澎湃,水,WATER-TURBULENT
WATRUndwtr,UNDERWATER,WATER,水下,水,水下,水,WATER-UNDERWATER
WATRFall,WATERFALL,WATER,瀑布,水,瀑布,水,WATER-WATERFALL
WATRWave,WAVE,WATER,波浪,水,波浪,水,WATER-WAVE
WEAPArmr,ARMOR,WEAPONS,护甲,武器,護甲,武器,WEAPONS-ARMOR
WEAPArro,ARROW,WEAPONS,箭,武器,箭,武器,WEAPONS-ARROW
WEAPAxe,AXE,WEAPONS,斧,武器,斧,武器,WEAPONS-AXE
WEAPBlnt,BLUNT,WEAPONS,钝器,武器,鈍器,武器,WEAPONS-BLUNT
WEAPBow,BOW,WEAPONS,弓,武器,弓,武器,WEAPONS-BOW
WEAPKnif,KNIFE,WEAPONS,刀,武器,刀,武器,WEAPONS-KNIFE
WEAPMisc,MISC,WEAPONS,其它,武器,其它,武器,WEAPONS-MISC
WEAPPole,POLEARM,WEAPONS,矛,武器,矛,武器,WEAPONS-POLEARM
WEAPSiege,SIEGE,WEAPONS,投石机,武器,投石機,武器,WEAPONS-SIEGE
WEAPSwrd,SWORD,WEAPONS,剑,武器,劍,武器,WEAPONS-SWORD
WEAPWhip,WHIP,WEAPONS,鞭,武器,鞭,武器,WEAPONS-WHIP
HAIL,HAIL,WEATHER,冰雹,天气,冰雹,天氣,WEATHER-HAIL
WTHR,MISC,WEATHER,其它,天气,其它,天氣,WEATHER-MISC
STORM,STORM,WEATHER,风暴,天气,風暴,天氣,WEATHER-STORM
THUN,THUNDER,WEATHER,雷,天气,雷,天氣,WEATHER-THUNDER
WHSTHmn,HUMAN,WHISTLES,人,哨音,人,哨音,WHISTLES-HUMAN
WHSTMech,MECHANICAL,WHISTLES,机械设备,哨音,機械設備,哨音,WHISTLES-MECHANICAL
WHSTMisc,MISC,WHISTLES,其它,哨音,其它,哨音,WHISTLES-MISC
WINDDsgn,DESIGNED,WIND,声音设计,风,聲音設計,風,WIND-DESIGNED
WIND,GENERAL,WIND,通用,风,通用,風,WIND-GENERAL
WINDGust,GUST,WIND,阵风,风,陣風,風,WIND-GUST
WINDInt,INTERIOR,WIND,室内,风,室內,風,WIND-INTERIOR
WINDTonl,TONAL,WIND,音乐性,风,音樂性,風,WIND-TONAL
WINDTurb,TURBULENT,WIND,汹涌澎湃,风,洶湧澎湃,風,WIND-TURBULENT
WINDVege,VEGETATION,WIND,植物,风,植物,風,WIND-VEGETATION
WNDWCover,COVERING,WINDOWS,遮挡物,窗户,遮擋物,窗戶,WINDOWS-COVERING
WNDWHdwr,HARDWARE,WINDOWS,窗具,窗户,窗具,窗戶,WINDOWS-HARDWARE
WNDWKnck,KNOCK,WINDOWS,敲窗,窗户,敲窗,窗戶,WINDOWS-KNOCK
WNDWMetl,METAL,WINDOWS,金属,窗户,金屬,窗戶,WINDOWS-METAL
WNDWMisc,MISC,WINDOWS,其它,窗户,其它,窗戶,WINDOWS-MISC
WNDWPlas,PLASTIC,WINDOWS,塑料,窗户,塑料,窗戶,WINDOWS-PLASTIC
WNDWWood,WOOD,WINDOWS,木质,窗户,木質,窗戶,WINDOWS-WOOD
WINGBird,BIRD,WINGS,鸟,翅膀,鳥,翅膀,WINGS-BIRD
WINGCrea,CREATURE,WINGS,生物,翅膀,生物,翅膀,WINGS-CREATURE
WINGInsc,INSECT,WINGS,昆虫,翅膀,昆蟲,翅膀,WINGS-INSECT
WINGMisc,MISC,WINGS,其它,翅膀,其它,翅膀,WINGS-MISC
WOODBrk,BREAK,WOOD,断裂,木头,斷裂,木頭,WOOD-BREAK
WOODCrsh,CRASH & DEBRIS,WOOD,碎片,木头,碎片,木頭,WOOD-CRASH & DEBRIS
WOODFric,FRICTION,WOOD,挤压,木头,擠壓,木頭,WOOD-FRICTION
WOODHandl,HANDLE,WOOD,抓取,木头,抓取,木頭,WOOD-HANDLE
WOODImpt,IMPACT,WOOD,击打,木头,擊打,木頭,WOOD-IMPACT
WOODMisc,MISC,WOOD,其它,木头,其它,木頭,WOOD-MISC
WOODMvmt,MOVEMENT,WOOD,移动,木头,移動,木頭,WOOD-MOVEMENT
WOODTonl,TONAL,WOOD,音乐性,木头,音樂性,木頭,WOOD-TONAL
