Category,SubCategory,CatID,Synonyms - Comma Separated,Category_zh,SubCategory_zh,Synonyms_zh,Category_tw,SubCategory_tw,Synonyms_tw
AIR,BLOW,AIRBlow,"compressed air, depressurise, release, puff, sputter, flutter",气体,吹,"压缩空气,减压,释放,吹气,溅射,颤动",氣體,吹,"壓縮空氣,減壓,釋放,吹氣,濺射,顫動"
AIR,BURST,AIRBrst,"air blast, air poof, chuff, spurt, blast",气体,爆发/喷射,"空气爆炸,空气噗噗,chuff,喷射,爆炸",氣體,爆噴,"空氣爆炸,空氣噗噗,chuff,噴射,爆炸"
AIR,HISS,AIRHiss,"air release, exhaust, expel",气体,嘶嘶声,"空气释放,排气,排出",氣體,嘶嘶聲,"空氣釋放,排氣,排出"
AIR,MISC,AIRMisc,miscellaneous,气体,杂项,各种各样的,氣體,其他,各種各樣的
AIR,SUCTION,AIRSuck,"vacuum, suck, suction",气体,抽吸,"真空,吸,吸",氣體,抽吸,"真空,吸,吸"
AIRCRAFT,HELICOPTER,AEROHeli,"gyrocopter, whirlybird, chopper, ghetto bird, bellcopter, police chopper",航空器,直升机,"旋翼机, 旋风鸟, 斩波器, 贫民窟鸟, 钟形直升机, 警察直升机",飛機,直升機,"旋翼機, 旋風鳥, 斬波器, 貧民窟鳥, 鐘形直升機, 警察直升機"
AIRCRAFT,INTERIOR,AEROInt,"jet, airplane, aircraft, passenger jet, glider, zeppelin, airliner, jetliner, jumbo jet, learjet, airbus, boeing, bombardier, 737, 747, 777, A310, DC-10, A310, A330, A350, A380, fighter jet",飞机,航空器,"喷射, 飞机, 客机, 滑翔机, 齐柏林飞艇, 喷气客机, 大型喷气式飞机, 里尔喷气机, 空中客车, 波音, 庞巴迪, 737, 747, 777, A310, DC-10, A330, A350, A380, 战斗机",飛機,室內,"噴射, 飛機, 客機, 滑翔機, 齊柏林飛艇, 噴氣客機, 大型噴氣式飛機, 里爾噴氣機, 空中客車, 波音, 龐巴迪, 737, 747, 777, A310, DC-10, A330, A350, A380, 戰鬥機"
AIRCRAFT,JET,AEROJet,"airliner, jetliner, jumbo jet, learjet, airbus, boeing, bombardier, 737, 747, 777, A310, DC-10, A310, A330, A350, A380",航空器,喷气式飞机,"客机, 喷气客机, 大型喷气式飞机, 里尔喷气机, 空中客车公司, 波音公司, 庞巴迪公司, 737, 747, 777, A310, DC-10, A330, A350, A380",飛機,噴射機,"客機, 噴氣客機, 大型噴氣式飛機, 里爾噴氣機, 空中客車公司, 波音公司, 龐巴迪公司, 737, 747, 777, A310, DC-10, A330, A350, A380"
AIRCRAFT,MECHANISM,AEROMech,"landing gear, cockpit lever, rudder, flap, landing gear",航空器,机械,"起落架,驾驶舱操纵杆,方向舵,襟翼,起落架",飛機,機械構造,"起落架,駕駛艙操縱桿,方向舵,襟翼,起落架"
AIRCRAFT,MILITARY,AEROMil,"fighter jet, bomber, stealth bomber, blue angels, thunderbirds, lockheed, mig, F18, F16, F35, F22, A10, P52",航空器,军用,"战斗机,轰炸机,隐形轰炸机,蓝天使,雷鸟,洛克希德,米格,F18,F16,F35,F22,A10,P52",飛機,軍用,"戰鬥機,轟炸機,隱形轟炸機,藍天使,雷鳥,洛克希德,米格,F18,F16,F35,F22,A10,P52"
AIRCRAFT,MISC,AEROMisc,"blimp, glider, hot air balloon, ultralight, hang glider, zeppelin, dirigible",航空器,杂项,"飞艇, 滑翔机, 热气球, 超轻型, 悬挂式滑翔机, 齐柏林飞艇, 飞船",飛機,其他,"飛艇, 滑翔機, 熱氣球, 超輕, 懸掛式滑翔機, 齊柏林飛艇, 飛船"
AIRCRAFT,PROP,AEROProp,"biplane, triplane, turboprop, stunt plane, crop duster, piper cub, propeller, twin-prop, propjet, airscrew",航空器,螺旋桨飞机,"双翼飞机,三翼飞机,涡轮螺旋桨飞机,特技飞机,作物喷粉器,吹笛者幼崽,螺旋桨,双螺旋桨,螺旋桨喷气发动机,螺旋桨",飛機,螺旋槳飛機,"雙翼飛機,三翼飛機,渦輪螺旋槳飛機,特技飛機,作物噴粉器,吹笛者幼崽,螺旋槳,雙螺旋槳,螺旋槳噴氣發動機,螺旋槳"
AIRCRAFT,RADIO CONTROLLED,AERORadio,"quadcopters, uav, unmanned aerial vehicle",航空器,塔台,"四轴飞行器, 无人机, 无人驾驶飞行器",飛機,塔台,"四軸飛行器, 無人機, 無人駕駛飛行器"
AIRCRAFT,ROCKET,AERORckt,"rocket, missile, jetpack, space shuttle, spacex, nasa, icbm, nuclear rocket",航空器,火箭,"火箭, 导弹, 喷气背包, 航天飞机, spacex, 美国航空航天局, 洲际导弹, 核火箭",飛機,火箭,"火箭, 導彈, 噴氣背包, 航天飛機, spacex, 美國航空航天局, 洲際導彈, 核火箭"
ALARMS,BELL,ALRMBell,"fire bell, school bell, railroad crossing bell, sleigh bell",警报,警铃,"火铃,校铃,铁路道口铃,雪橇铃",警報,警鈴,"火鈴,校鈴,鐵路道口鈴,雪橇鈴"
ALARMS,BUZZER,ALRMBuzr,"door buzzer, game show buzzer",警报,蜂鸣器,"门铃,游戏节目蜂鸣器",警報,蜂鳴器,"門鈴,遊戲節目蜂鳴器"
ALARMS,CLOCK,ALRMClok,"digital alarm clock, alarm clock",警报,警钟,"数字闹钟,闹钟",警報,警鐘,"數字鬧鐘,鬧鐘"
ALARMS,ELECTRONIC,ALRMElec,fire detector,警报,电器,火灾探测器,警報,電器,火災探測器
ALARMS,MISC,ALRMMisc,miscellaneous,警报,杂项,各种各样的,警報,其他,各種各樣的
ALARMS,SIREN,ALRMSirn,"klaxon, ahooga horn, air raid siren",警报,警报,"klaxon, ahooga horn, 空袭警报器",警報,警報器,"klaxon, ahooga horn, 空襲警報器"
AMBIENCE,AIR,AMBAir,"desert, winter, quiet air, night air, mountain air, night air",环境,气体,"沙漠,冬天,安静的空气,夜间空气,山间空气,夜间空气",環境,大氣音,"沙漠,冬天,安靜的空氣,夜間空氣,山間空氣,夜間空氣"
AMBIENCE,ALPINE,AMBAlpn,"alps, mountains, rockies, tetons, mountaineering, mountainous, snowcapped, mountainside, peak",环境,高山,"阿尔卑斯山,山,落基山脉,提顿,登山,多山,白雪皑皑,山腰,高峰",環境,高山,"阿爾卑斯山,山,落基山脈,提頓,登山,多山,白雪皚皚,山腰,高峰"
AMBIENCE,AMUSEMENT,AMBAmus,"disneyland, six-flags, theme park, amusement park, carnival, fair, county fair, midway, traveling fair",环境,娱乐,"迪士尼乐园, 六旗, 主题公园, 游乐园, 嘉年华, 公平, 县集市, 中途, 旅游博览会",環境,娛樂,"迪士尼樂園, 六旗, 主題公園, 遊樂園, 嘉年華, 公平, 縣集市, 中途, 旅遊博覽會"
AMBIENCE,BIRDSONG,AMBBird,"dawn chorus, morning chorus, pretty bird, flocks, chirping, tweeting, peeping",环境,鸟鸣,"黎明合唱团,早晨合唱团,漂亮的小鸟,羊群,啁啾,鸣叫,偷窥",環境,鳥鳴,"黎明合唱團,早晨合唱團,漂亮的小鳥,羊群,啁啾,鳴叫,偷窺"
AMBIENCE,CELEBRATION,AMBCele,"public gathering, event, party, gala, carnival, fest, fiesta",环境,庆典,"公众聚会,活动,派对,晚会,嘉年华,巨星,嘉年华",環境,慶典,"公眾聚會,活動,派對,晚會,嘉年華,巨星,嘉年華"
AMBIENCE,CONSTRUCTION,AMBCnst,"road construction, building, carpentry",环境,施工,"道路建设, 建筑, 木工",環境,施工,"道路建設, 建築, 木工"
AMBIENCE,DESERT,AMBDsrt,"desert, tumbleweed, oasis, barren, wasteland, sahara, arid, sand dunes",环境,沙漠,"沙漠,风滚草,绿洲,贫瘠,荒地,撒哈拉,干旱,沙丘",環境,沙漠,"沙漠,風滾草,綠洲,貧瘠,荒地,撒哈拉,乾旱,沙丘"
AMBIENCE,DESIGNED,AMBDsgn,"artificial, fantasy, sci fi, pandora, middle earth, designed",环境,设计后的,"人造,幻想,科幻,潘多拉,中土,设计",環境,設計的,"人造,幻想,科幻,潘多拉,中土,設計"
AMBIENCE,EMERGENCY,AMBEmrg,"crime scene, fire fighting, police, medics, evidence, natural disaster, shooting, accident, catastrophe, injury, pileup casualty",环境,紧急状态,"犯罪现场,消防,警察,医务人员,证据,自然灾害,射击,事故,灾难,伤害,累积伤亡",環境,緊急狀態,"犯罪現場,消防,警察,醫務人員,證據,自然災害,射擊,事故,災難,傷害,堆積傷亡"
AMBIENCE,FARM,AMBFarm,"farm, harvest, tilling, ranch, farmstead, grange, plantation, farmland, pen, barn, pasture, dairy, vineyard, corral, pastoral",环境,农场,"农场,收获,耕作,牧场,农庄,田庄,种植园,农田,钢笔,谷仓,牧场,乳制品,葡萄园,畜栏,田园",環境,農場,"農場,收穫,耕作,牧場,農莊,田莊,種植園,農田,鋼筆,穀倉,牧場,乳製品,葡萄園,畜欄,田園"
AMBIENCE,FOREST,AMBForst,"forest, woods, timberland, boreal forest, rainforest, temperate rainforest, cloud forest, deciduous, conifer",环境,森林,"森林,树林,林地,北方森林,热带雨林,温带雨林,云雾林,落叶,针叶树",環境,森林,"森林,樹林,林地,北方森林,熱帶雨林,溫帶雨林,雲霧林,落葉,針葉樹"
AMBIENCE,GRASSLAND,AMBGras,"prairie, farmland, grass, meadow, grazing, pasture, plains",环境,草地,"草原,农田,草地,草地,放牧,牧场,平原",環境,草原,"草原,農田,草地,草地,放牧,牧場,平原"
AMBIENCE,HISTORICAL,AMBHist,"ghost town, old west, gold rush, ancient rome, ancient greece",环境,历史年代,"鬼城, 老西部, 淘金热, 古罗马, 古希腊",環境,歷史年代,"鬼城, 老西部, 淘金熱, 古羅馬, 古希臘"
AMBIENCE,HITECH,AMBTech,"laboratory, machine room, server, data center, control room",环境,高科技,"实验室,机房,服务器,数据中心,控制室",環境,高科技,"實驗室,機房,服務器,數據中心,控制室"
AMBIENCE,HOSPITAL,AMBHosp,"emergency room, surgery, waiting room, sickhouse, clinic, sanatorium, infirmary",环境,医院,"急诊室,手术室,候诊室,病房,诊所,疗养院,医务室",環境,醫院,"急診室,手術室,候診室,病房,診所,療養院,醫務室"
AMBIENCE,INDUSTRIAL,AMBInd,"factory, manufacturing, plant, mill, warehouse, workshop",环境,工业,"厂,制造,厂,磨,仓库,车间",環境,工業,"廠,製造,廠,磨,倉庫,車間"
AMBIENCE,LAKESIDE,AMBLake,"lakes, lakeside, lapping, swimming, reservoir, pond, loch",环境,湖岸,"湖泊,湖边,研磨,游泳,水库,池塘,湖泊",環境,湖邊,"湖泊,湖邊,研磨,游泳,水庫,池塘,湖泊"
AMBIENCE,MARKET,AMBMrkt,"market, market place, vendor, shopping district, bazaar, mart, exchange, flea market, square",环境,市场,"市场,市场,供应商,购物区,集市,集市,交换,跳蚤市场,广场",環境,市場,"市場,市場,供應商,購物區,集市,集市,交換,跳蚤市場,廣場"
AMBIENCE,MISC,AMBMisc,miscellaneous,环境,杂项,各种各样的,環境,其他,各種各樣的
AMBIENCE,NAUTICAL,AMBNaut,"nautical, shipyard, poopdeck, stern, bow, aft, seafaring, seagoing, oceanic, marine, maritime, marina",环境,航海,"航海,造船厂,船尾甲板,船尾,船头,船尾,航海,远洋,海洋,海洋,海事,码头",環境,航海,"航海,造船廠,船尾甲板,船尾,船頭,船尾,航海,遠洋,海洋,海洋,海事,碼頭"
AMBIENCE,OFFICE,AMBOffc,"office, cubicle, workplace, department, station, branch, workstation",环境,办公室,"办公室,隔间,工作场所,部门,车站,分支机构,工作站",環境,辦公室,"辦公室,隔間,工作場所,部門,車站,分支機構,工作站"
AMBIENCE,PARK,AMBPark,"park, playground, gardens, botantical gardens, city park, suburban park, ballpark, parkland",环境,公园,"公园, 操场, 花园, 植物园, 城市公园, 郊区公园, 棒球场",環境,公園,"公園, 操場, 花園, 植物園, 城市公園, 郊區公園, 棒球場"
AMBIENCE,PRISON,AMBPrisn,"prison, jail, prison yard, penitentiary, slammer, jailhouse, detention, solitary confinement, penal institution",环境,监狱,"监狱, 监狱院子, slammer, 拘留, 单独监禁, 刑罚机构",環境,監獄,"監獄, 監獄院子, slammer, 拘留, 單獨監禁, 刑罰機構"
AMBIENCE,PROTEST,AMBPrtst,"protest, rally, rallies, riot, chanting, yelling, screaming, angry crowd, marches, demonstration, turmoil, revolt, revolution, angry",环境,游行,"抗议,集会,集会,骚乱,高喊,大喊大叫,尖叫,愤怒的人群,游行,示威,动荡,反抗,革命,愤怒",環境,示威抗議,"抗議,集會,集會,騷亂,高喊,大喊大叫,尖叫,憤怒的人群,遊行,示威,動盪,反抗,革命,憤怒"
AMBIENCE,PUBLIC PLACE,AMBPubl,"Except for restaurants, for other interior or exterior public places such as stores, lobbies, hotels, malls, museums, public squares, courtyards, etc.",环境,公共场所,"除餐厅外,其他室内或室外公共场所,如商店,大堂,酒店,商场,博物馆,公共广场,庭院等。",環境,公共場所,"除餐廳外,其他室內或室外公共場所,如商店,大堂,酒店,商場,博物館,公共廣場,庭院等。"
AMBIENCE,RELIGIOUS,AMBRlgn,"church, temple, mosque, chapel, derasar, cathedral",环境,宗教场所,"教堂,寺庙,清真寺,教堂,德拉萨,大教堂",環境,宗教場所,"教堂,寺廟,清真寺,教堂,德拉薩,大教堂"
AMBIENCE,RESTAURANT & BAR,AMBRest,"restaurant, bar, pub, gastropub, foodcart, diner, cafe, cafeteria, canteen, tearoom, saloon, coffee shop, pizzeria, fast-food, wine bar, automat, commissary, tavern, nightclub, deli, eatery, brasserie, drive-in",环境,餐馆,"餐厅,酒吧,酒馆,美食酒吧,餐车,小餐馆,咖啡厅,自助餐厅,食堂,茶室,沙龙,咖啡店,比萨店,快餐店,酒吧,自动售货机,小卖部,小酒馆,夜总会,熟食店,餐馆,小酒馆,驾驶-在",環境,餐廳,"餐廳,酒吧,酒館,美食酒吧,餐車,小餐館,咖啡廳,自助餐廳,食堂,茶室,沙龍,咖啡店,比薩店,快餐店,酒吧,自動售貨機,小賣部,小酒館,夜總會,熟食店,餐館,小酒館,駕駛-在"
AMBIENCE,ROOM TONE,AMBRoom,"room tone, dead air, quiet air",环境,房间底噪,"房间音,死气沉沉,安静的空气",環境,空間音,"房間音調,死氣沉沉的空氣,安靜的空氣"
AMBIENCE,RURAL,AMBRurl,"countryside, plain, prairie, grassland, mountain, rolling hill, savanna, tundra, meadow, canyon, coulee, scrub, scrubland, plateau",环境,农村,"农村,平原,草原,草原,山,连绵起伏的丘陵,稀树草原,苔原,草地,峡谷,古力,灌木丛,灌木丛,高原",環境,郊外,"農村,平原,草原,草原,山,連綿起伏的丘陵,稀樹草原,苔原,草地,峽谷,古力,灌木叢,灌木叢,高原"
AMBIENCE,SCHOOL,AMBSchl,"grade school, middle school, highschool, college, preschool, university, classroom, assembly",环境,校园,"小学,初中,高中,学院,学前班,大学,课堂,大会",環境,學校,"小學,初中,高中,學院,學前班,大學,課堂,大會"
AMBIENCE,SEASIDE,AMBSea,"beach, seaside, strand, coastal, shore, shoreline, seashore, seaboard, boardwalk, beach resort, beachfront, embankment, dock, pier, harbour, harbor",环境,海边,"海滩,海边,股,沿海,岸,海岸线,海滨,海滨,木板路,海滩度假村,海滨,堤防,码头,码头,海港,海港",環境,海邊,"海灘,海邊,股,沿海,岸,海岸線,海濱,海濱,木板路,海灘度假村,海濱,堤防,碼頭,碼頭,海港,海港"
AMBIENCE,SPORT,AMBSprt,"nfl, football, nba, basketball, mlb, baseball, tennis, sport event, little league, practice",环境,运动场,"Nfl, 足球, nba, 篮球, 美国职业棒球大联盟, 棒球, 网球, 体育赛事, 小联盟, 练习",環境,運動,"Nfl, 足球, nba, 籃球, 美國職業棒球大聯盟, 棒球, 網球, 體育賽事, 小聯盟, 練習"
AMBIENCE,SUBURBAN,AMBSubn,"suburb, residential, neighborhood, cul-de-sac, village, barrio, outskirts, hamlet",环境,郊区,"郊区,住宅,邻里,死胡同,村庄,巴里奥,郊区,小村庄",環境,郊區,"郊區,住宅,鄰里,死胡同,村莊,巴里奧,郊區,小村莊"
AMBIENCE,SWAMP,AMBSwmp,"frog, bog, swamp, marsh, everglade, wetland, riparian, lakeside, lake, mangrove",环境,沼泽地,"青蛙,沼泽,沼泽,沼泽,大沼泽地,湿地,河岸,湖边,湖,红树林",環境,沼澤,"青蛙,沼澤,沼澤,沼澤,大沼澤地,濕地,河岸,湖邊,湖,紅樹林"
AMBIENCE,TOWN,AMBTown,"town, village, hamlet, small town, community, settlement",环境,小镇,"镇,村,小村庄,小镇,社区,定居点",環境,城鎮,"鎮,村,小村莊,小鎮,社區,定居點"
AMBIENCE,TRAFFIC,AMBTraf,"car bys, freeway, highway, boulevard, avenue, motorway",环境,交通,"汽车旁, 高速公路, 林荫大道, 大道",環境,交通車流,"汽車bys, 高速公路, 林蔭大道, 大道"
AMBIENCE,TRANSPORTATION,AMBTran,"train station, airport, bus station, subway station, tube station, metro station, terminal, depot, terminus",环境,交通工具,"火车站,机场,汽车站,地铁站,地铁站,地铁站,终点站,车厂,终点站",環境,公共交通場所,"火車站,機場,汽車站,地鐵站,地鐵站,地鐵站,終點站,車廠,終點站"
AMBIENCE,TROPICAL,AMBTrop,"jungle, bush, tropical rainforest, cloud forest, tropical",环境,热带,"丛林,灌木,热带雨林,云雾林,热带",環境,熱帶,"叢林,灌木,熱帶雨林,雲霧林,熱帶"
AMBIENCE,TUNDRA,AMBTndra,"artic, antartic, plateau, north pole, south pole, polar, glacier, snow, ice",环境,苔原,"北极,南极,高原,北极,南极,极地,冰川,雪,冰",環境,冰原,"北極,南極,高原,北極,南極,極地,冰川,雪,冰"
AMBIENCE,UNDERGROUND,AMBUndr,"cave, drips, echoes, sewer, bunker, tunnel, dungeon, lava tube, cellar, subterranean, sunken, buried, belowground, basement, shaft, mine, passage, passageway",环境,地下室,"洞穴,滴水,回声,下水道,地堡,隧道,地牢,熔岩管,地窖,地下,沉没,埋藏,地下,地下室,竖井,矿井,通道,通道",環境,地下室,"洞穴,滴水,迴聲,下水道,地堡,隧道,地牢,熔岩管,地窖,地下,沉沒,埋藏,地下,地下室,豎井,礦井,通道,通道"
AMBIENCE,UNDERWATER,AMBUndwtr,"underwater, reef, coral, ocean trench, submerged, undersea, subaquatic, shipwreck",环境,水下,"水下,礁石,珊瑚,海沟,淹没,海底,水下,海难",環境,水下,"水下,礁石,珊瑚,海溝,淹沒,海底,水下,海難"
AMBIENCE,URBAN,AMBUrbn,"metropolis, dense city, city, downtown, inner city, metropolitan, bustling, rush hour, congestion, city center, slum, skid row, ghetto, financial district",环境,城市,"大都市, 密集的城市, 城市, 市中心, 内城, 大都会, 繁华, 高峰时间, 拥堵, 贫民窟, 金融区",環境,都市,"大都市, 密集的城市, 城市, 市中心, 內城, 大都會, 繁華, 高峰時間, 擁堵, 貧民窟, 金融區"
AMBIENCE,WARFARE,AMBWar,"war, warfare, battle, skirmish, combat, fight, engagement, assault, offensive, blitz, air-raid, raid, bombardment, barrage, fusillade, blitzkrieg, salvo, flak, broadside, cannonade",环境,战争,"战争,战争,战斗,小规模冲突,战斗,战斗,参与,攻击,进攻,闪电战,空袭,突袭,轰炸,弹幕,飞弹,闪电战,齐射,高射炮,舷侧,大炮",環境,戰爭,"戰爭,戰爭,戰鬥,小規模衝突,戰鬥,戰鬥,參與,攻擊,進攻,閃電戰,空襲,突襲,轟炸,彈幕,飛彈,閃電戰,齊射,高射砲,舷側,大砲"
ANIMALS,AMPHIBIAN,ANMLAmph,"frog, toad, bullfrog, salamander, newt, chorus frog, peeper, croaker, axolotl",动物,两栖动物,"青蛙,蟾蜍,牛蛙,蝾螈,蝾螈,合唱青蛙,偷窥者,黄花鱼,蝾螈",動物,兩棲類,"青蛙,蟾蜍,牛蛙,蠑螈,蠑螈,合唱青蛙,偷窺者,黃花魚,蠑螈"
ANIMALS,AQUATIC,ANMLAqua,"whale, dolphin, porpoise, sea lion, seal, killer whale, orca, manatee, walrus, elephant seal, marine otter, sea otter, beluga, narwhal, dugong, shark, stingray, jellyfish, squid, octopus",动物,水生动物,"鲸鱼, 海豚, 鼠海豚, 海狮, 密封, 虎鲸, 逆戟鲸, 海牛, 海象, 象海豹, 海洋水獭, 海獭, 白鲸, 独角鲸, 儒艮, 鲨鱼, 黄貂鱼, 海蜇, 鱿鱼, 章鱼",動物,水生動物,"鯨魚, 海豚, 鼠海豚, 海獅, 密封, 虎鯨, 逆戟鯨, 海牛, 海象, 像海豹, 海洋水獺, 海獺, 白鯨, 獨角鯨, 儒艮, 鯊魚, 黃貂魚, 海蜇, 魷魚, 章魚"
ANIMALS,BAT,ANMLBat,"flying fox, vampire bats, fruit bat",动物,蝙蝠,"狐蝠,吸血蝙蝠,果蝠",動物,蝙蝠,"狐蝠,吸血蝙蝠,果蝠"
ANIMALS,CAT DOMESTIC,ANMLCat,"meow, purr, kitten, kitty, feline, alley cat",动物,家猫,"喵,呼噜声,小猫,小猫,猫科动物,胡同猫",動物,家貓,"喵,呼嚕聲,小貓,小貓,貓科動物,胡同貓"
ANIMALS,CAT WILD,ANMLWcat,"lion, tiger, puma, cougar, leopard, jaguar, snow leopard, cheetah, lynx, bobcat, caracal, ocelot, panther, serval",动物,野猫,"狮子,老虎,美洲狮,美洲狮,豹,美洲虎,雪豹,猎豹,猞猁,山猫,狞猫,豹猫,豹,薮",動物,野貓,"獅子,老虎,美洲獅,美洲獅,豹,美洲虎,雪豹,獵豹,猞猁,山貓,獰貓,豹貓,豹,藪"
ANIMALS,DOG,ANMLDog,"dog, hound, bark, puppy, doggie, lapdog, mutt, pooch, wolf, fox, coyote, jackal, dingo, lupus",动物,狗,"狗,猎犬,吠声,小狗,小狗,哈巴狗,杂种狗,狗,狼,狐狸,土狼,豺狼,野狗,狼疮",動物,狗,"狗,獵犬,吠聲,小狗,小狗,哈巴狗,雜種狗,狗,狼,狐狸,土狼,豺狼,野狗,狼瘡"
ANIMALS,FARM,ANMLFarm,"cow, sheep, goat, pig, cattle, llama, alpaca",动物,养殖场,"牛,绵羊,山羊,猪,牛,美洲驼,羊驼",動物,農場,"牛,綿羊,山羊,豬,牛,美洲駝,羊駝"
ANIMALS,HORSE,ANMLHors,"donkey, mule, ass, zebra",动物,马,"驴,骡,驴,斑马",動物,馬,"驢,騾,驢,斑馬"
ANIMALS,INSECT,ANMLInsc,"grasshopper, cricket, cicada, fly, bee, wasp, hornet, weta, conehead, locust, beetle, cockroach",动物,昆虫,"蚱蜢,蟋蟀,蝉,飞,蜜蜂,黄蜂,大黄蜂,维塔,锥头,蝗虫,甲虫,蟑螂",動物,昆蟲,"蚱蜢,蟋蟀,蟬,飛,蜜蜂,黃蜂,大黃蜂,維塔,錐頭,蝗蟲,甲蟲,蟑螂"
ANIMALS,MISC,ANMLMisc,miscellaneous,动物,其他,各种各样的,動物,其他,各種各樣的
ANIMALS,PRIMATE,ANMLPrim,"chimpanzee, ape, gorilla, lemur, orangutan, capuchin, marmoset, monkey, gibbon, bonobo, baboon",动物,灵长类,"黑猩猩,猿,大猩猩,狐猴,猩猩,卷尾猴,狨猴,猴子,长臂猿,倭黑猩猩,狒狒",動物,靈長類,"黑猩猩,猿,大猩猩,狐猴,猩猩,卷尾猴,狨猴,猴子,長臂猿,倭黑猩猩,狒狒"
ANIMALS,REPTILE,ANMLRept,"snake, lizard, alligator, crocodile, turtle, gharial, caiman, gecko",动物,爬行动物,"蛇,蜥蜴,鳄鱼,鳄鱼,龟,gharial,凯门鳄,壁虎",動物,爬蟲類,"蛇,蜥蜴,鱷魚,鱷魚,龜,gharial,凱門鱷,壁虎"
ANIMALS,RODENT,ANMLRdnt,"mouse, mice, rat, squirrel, mole, porcupine, guinea pig, chipmunk, beaver, gopher, raccoon, prairie dog, gerbil, hamster, marmot, lemming, muskrat, chinchilla",动物,啮齿动物,"老鼠, 松鼠, 鼹鼠, 豪猪, 豚鼠, 花栗鼠, 海狸, 地鼠, 浣熊, 草原土拨鼠, 沙鼠, 仓鼠, 土拨鼠, 旅鼠, 麝鼠, 龙猫",動物,嚙齒動物,"老鼠, 松鼠, 鼴鼠, 豪豬, 豚鼠, 花栗鼠, 海狸, 地鼠, 浣熊, 草原土撥鼠, 沙鼠, 倉鼠, 土撥鼠, 旅鼠, 麝鼠, 龍貓"
ANIMALS,WILD,ANMLWild,"bear, giraffe, hippo, elephant, elk, deer, gazelle, badger, anteater, platypus, sloth, wolverine, boar, wombat, koala, kangaroo, wallaby, wildebeest, hyena, panda, antelope, racoon, elk, reindeer, rhino, aardvark, warthog, impala, hippopotamus, honey badger, buffalo, moose",动物,野生动物,"熊,长颈鹿,河马,大象,麋鹿,鹿,瞪羚,獾,食蚁兽,鸭嘴兽,树懒,金刚狼,野猪,袋熊,考拉,袋鼠,小袋鼠,角马,鬣狗,熊猫,羚羊,浣熊,麋鹿,驯鹿,犀牛,土豚,疣猪,黑斑羚,河马,蜜獾,水牛,驼鹿",動物,野生動物,"熊,長頸鹿,河馬,大象,麋鹿,鹿,瞪羚,獾,食蟻獸,鴨嘴獸,樹懶,金剛狼,野豬,袋熊,考拉,袋鼠,小袋鼠,角馬,鬣狗,熊貓,羚羊,浣熊,麋鹿,馴鹿,犀牛,土豚,疣豬,黑斑羚,河馬,蜜獾,水牛,駝鹿"
ARCHIVED,ASSET,ASSET,"asset, resource, tag",存档,资源,"资产,资源,标签",封存,資產,"資產,資源,標籤"
ARCHIVED,BOUNCE,BNCE,"bounce, crashdown",归档,导出,"弹跳,崩溃",封存,輸出,"彈跳,崩潰"
ARCHIVED,IMPULSE RESPONSE,IR,"impulse response, IR, altiverb, reverb sample, convolution reverb",归档,卷积混响素材,"脉冲响应,IR,altiverb,混响采样,卷积混响",封存,脈衝響應,"脈衝響應,IR,altiverb,混響採樣,卷積混響"
ARCHIVED,MIX,MIX,"premix, final mix, stem, M&E, mixdown, printmaster",归档,已混音,"预混,最终混音,词干,M&E,混音,印刷大师",封存,混音,"預混,最終混音,詞幹,M&E,混音,印刷大師"
ARCHIVED,PFX,PFX,production,归档,其他产品素材,生产,封存,製作素材,生產
ARCHIVED,RAW,RAW,"dat tape, raw files, unprocessed",归档,原始素材,"数据磁带,原始文件,未处理",封存,原始素材,"數據磁帶,原始文件,未處理"
ARCHIVED,REFERENCE,REF,"reference, inspiration",归档,参考素材,"参考,灵感",封存,參考素材,"參考,靈感"
ARCHIVED,SCENE,SCNE,"readymade, prebuilt",归档,场景素材,"现成的,预制的",封存,場景素材,"現成的,預製的"
ARCHIVED,TEST TONE,TEST,"adr beeps, test tones, bleeping tone, 2pops, white noise, pink noise, sine wave sweeps",归档,测试音,"adr 哔哔声,测试音,哔音,2pops,白噪声,粉红噪声,正弦波扫描",封存,測試音,"adr 嗶嗶聲,測試音,嗶音,2pops,白噪聲,粉紅噪聲,正弦波掃描"
ARCHIVED,TRADEMARKED,TMARK,"trademark, copyright, product sound, licensed, registered, legal",归档,商标音,"商标,版权,产品声音,许可,注册,合法",封存,商標音,"商標,版權,產品聲音,許可,註冊,合法"
ARCHIVED,WORK IN PROGRESS,WIP,"work in progress, wip, unfinished",归档,过程中素材,"工作进行中,擦拭,未完成",封存,進行中素材,"工作進行中,擦拭,未完成"
ARCHIVED,WTF,WTF,"uncategorizable, unknown, jokes",归档,未确认素材,"不可归类的,未知的,笑话",封存,這三小,"不可歸類的,未知的,笑話"
BEEPS,APPLIANCE,BEEPAppl,"microwave, dishwasher, washing machine, dryer",提示音,电器,"微波炉,洗碗机,洗衣机,烘干机",提示音,電器,"微波爐,洗碗機,洗衣機,烘乾機"
BEEPS,GENERAL,BEEP,beep,提示音,通用,嘟,提示音,一般,嘟
BEEPS,LOFI,BEEPLofi,"atari, famicom, colecovision",提示音,低保真,"雅达利,famicom,colecovision",提示音,低傳真,"雅達利,famicom,colecovision"
BEEPS,MEDICAL,BEEPMed,"EKG, ECG, KDC, heart monitor, flatline, ultrasound",提示音,医疗器具,"心电图,心电图,KDC,心脏监护仪,flatline,超声波",提示音,醫療器具,"心電圖,心電圖,KDC,心臟監護儀,flatline,超聲波"
BEEPS,TIMER,BEEPTimer,"microwave, oven timer, digital watch, phone timer",提示音,计时器,"微波炉,烤箱定时器,数字手表,电话定时器",提示音,計時器,"微波爐,烤箱定時器,數字手錶,電話定時器"
BEEPS,VEHICLE,BEEPVeh,"forklift beep, backup beep",提示音,车辆,"叉车蜂鸣,备用蜂鸣",提示音,車輛,"叉車蜂鳴,備用蜂鳴"
BELLS,ANIMAL,BELLAnml,"cowbell, hawkbell, collar bell, sheep bell",钟铃,动物,"牛铃,鹰铃,项圈铃,羊铃",鐘鈴,動物,"牛鈴,鷹鈴,項圈鈴,羊鈴"
BELLS,DOORBELL,BELLDoor,"doorbell, door chime, ding dong, tring",钟铃,门铃,"门铃,门铃,叮咚,叮咚",鐘鈴,門鈴,"門鈴,門鈴,叮咚,叮咚"
BELLS,GONG,BELLGong,"gong, gamelan, agung, bowl gong, tam-tam",钟铃,铜钟,"锣, 加麦兰, 阿贡, 碗锣, tam-tam",鐘鈴,銅鐘,"鑼, 加麥蘭, 阿貢, 碗鑼, tam-tam"
BELLS,HANDBELL,BELLHand,"hand bell, dinner bell, school bell, alter bell, sleigh bell, jingle bells, carillon",钟铃,手铃,"手铃,晚餐铃,校铃,改变铃,雪橇铃,铃儿响叮当,钟琴",鐘鈴,手鈴,"手鈴,晚餐鈴,校鈴,改變鈴,雪橇鈴,鈴兒響叮噹,鍾琴"
BELLS,LARGE,BELLLrg,"temple bell, church bell, peal",钟铃,大钟,"寺庙钟, 教堂钟, peal",鐘鈴,大鐘,"寺廟鐘, 教堂鐘, peal"
BELLS,MISC,BELLMisc,"bicycle bell, service bell, call bell",钟铃,其他,"自行车铃,服务铃,呼叫铃",鐘鈴,其他,"自行車鈴,服務鈴,呼叫鈴"
BIRDS,BIRD OF PREY,BIRDPrey,"hawk, eagle, falcon, owl, vulture, condor, buzzard, kite, osprey, harrier, kestrel, caracara",鸟类,猛禽,"鹰,鹰,猎鹰,猫头鹰,秃鹫,秃鹰,秃鹰,风筝,鱼鹰,鹞,红隼,卡拉卡拉",鳥類,猛禽,"鷹,鷹,獵鷹,貓頭鷹,禿鷲,禿鷹,禿鷹,風箏,魚鷹,鷂,紅隼,卡拉卡拉"
BIRDS,CROW,BIRDCrow,"crow, raven, jay, blue jay, magpie, nutcracker",鸟类,乌鸦,"乌鸦,乌鸦,杰,蓝杰,喜鹊,胡桃夹子",鳥類,烏鴉,"烏鴉,烏鴉,傑伊,藍傑伊,喜鵲,胡桃夾子"
BIRDS,FOWL,BIRDFowl,"chicken, pheasant, turkey, geese, goose, grouse, duck, swan, partridge, teal, mallard, eider, guans, chachalacas, curassow, quail, grebe, chukar, ptarmigan",鸟类,禽,"鸡,雉鸡,火鸡,鹅,鹅,松鸡,鸭,天鹅,鹧鸪,青色,野鸭,绒鸭,关,chachalacas,curassow,鹌鹑,grebe,chukar,雷鸟",鳥類,家禽,"雞,雉雞,火雞,鵝,鵝,松雞,鴨,天鵝,鷓鴣,青色,野鴨,絨鴨,關,chachalacas,curassow,鵪鶉,grebe,chukar,雷鳥"
BIRDS,MISC,BIRDMisc,"ani, roadrunner, cuckoo, woodpecker, nighthawk, nightjar, poorwill, hummingbird",鸟类,其他,"阿尼, 走鹃, 杜鹃, 啄木鸟, 夜鹰, 贫意, 蜂鸟",鳥類,其他,"阿尼, 走鵑, 杜鵑, 啄木鳥, 夜鷹, 窮人, 蜂鳥"
BIRDS,SEA,BIRDSea,"seagull, gannet, albatross, cormorant, pelican, penguin, petrel, gull, tern, frigatebird, booby, oystercatcher, plover, sandpiper, dunlin, auk, puffin, murrelet, auklet",鸟类,海鸟,"海鸥, 塘鹅, 信天翁, 鸬鹚, 鹈鹕, 企鹅, 海燕, 燕鸥, 军舰鸟, 鲣鸟, 牡蛎, 鸻, 鹬, 邓林, 海雀",鳥類,海鳥,"海鷗, 塘鵝, 信天翁, 鸕鶿, 鵜鶘, 企鵝, 海燕, 燕鷗, 軍艦鳥, 鰹鳥, 牡蠣, 鴴, 鷸, 鄧林, 海雀"
BIRDS,SONGBIRD,BIRDSong,"dove, flycatcher, grosbeak, mockingbird, nuthatch, pigeon, robin, sparrow, swallow, tanager, thrush, vireo, warbler, wren, tit, chickadee, titmouse, penduline, lark, kinglet, creeper, treecreeper, gnatcatcher, dipper, starling, blackbird, thrasher, waxwing, chat, troupial, cardinal, bunting, blackbird",鸟类,鸣鸟,"鸽子, 捕蝇器, grosbeak, 知更鸟, nuthatch, 麻雀, 燕子, 唐纳雀, 画眉, vireo, 莺, 鹪鹩, 山雀, penduline, 云雀, 小王, 爬山虎, 爬树者, gnatcatcher, 北斗七星, 八哥, 黑鸟,鸫鸟,蜡翼,聊天,troupial,红衣主教,彩旗,黑鸟",鳥類,鳴鳥,"鴿子, 捕蠅器, grosbeak, 知更鳥, 鷓鴣, 麻雀, 燕子, 唐納雀, 畫眉, vireo, 鶯, 鷦鷯, 山雀, penduline, 雲雀, kinglet, 爬山虎, treecreeper, gnatcatcher, 北斗七星黑鳥,鶇鳥,蠟翼,聊天,troupial,紅衣主教,彩旗,黑鳥"
BIRDS,TROPICAL,BIRDTrop,"parrot, toucan, kookaburra, lyrebird, peacock, macaw, hornbill, cockatoo, parakeet, ibis, spoonbill, flamingo",鸟类,热带,"鹦鹉, 巨嘴鸟, 笑翠鸟, 琴鸟, 孔雀, 金刚鹦鹉, 犀鸟, 长尾小鹦鹉, 宜必思, 琵鹭, 火烈鸟",鳥類,熱帶,"鸚鵡, 巨嘴鳥, 笑翠鳥, 琴鳥, 孔雀, 金剛鸚鵡, 犀鳥, 長尾小鸚鵡, 宜必思, 琵鷺, 火烈鳥"
BIRDS,WADING,BIRDWade,"crane, egret, flamingo, ibis, rail, spoonbill, stork, heron, rail, sora, coot, crane, heron, bittern, egret, stork, snipe",鸟类,涉禽,"起重机,白鹭,火烈鸟,宜必思,铁路,琵鹭,鹳,苍鹭,铁路,索拉,白骨顶,起重机,苍鹭,卤水,白鹭,鹳,鹬",鳥類,水鳥,"起重機,白鷺,火烈鳥,宜必思,鐵路,琵鷺,鸛,蒼鷺,鐵路,索拉,白骨頂,起重機,蒼鷺,鹵水,白鷺,鸛,鷸"
BOATS,AIR BOAT,BOATAir,"fan boat, air boat, hovercraft",船舶,汽艇,"风扇船,气垫船,气垫船",船舶,汽艇,"風扇船,氣墊船,氣墊船"
BOATS,BOW WASH,BOATWash,"bow wash, wake",船舶,船洗,"弓洗,醒来",船舶,船洗,"弓洗,醒來"
BOATS,ELECTRIC,BOATElec,trolling motor,船舶,电动船,拖钓马达,船舶,電動船,拖釣馬達
BOATS,FISHING,BOATFish,"crab boats, trawlers, seiner, line vessel, dredger, gillnetter, research vessel",船舶,捕鱼,"捕蟹船,拖网渔船,围网船,线船,挖泥船,刺网船,研究船",船舶,捕魚,"捕蟹船,拖網漁船,圍網船,線船,挖泥船,刺網船,研究船"
BOATS,HORN,BOATHorn,"ship horn, tug-boat horn",船舶,船笛,"船喇叭,拖船喇叭",船舶,船笛,"船喇叭,拖船喇叭"
BOATS,INTERIOR,BOATInt,"ship, ferry, ferries, cruise ship, navy, military boat, tugboat, sailboat, yacht, oil tanker, cargo ship, freighter, submarine",小船,舱内,"船,渡轮,渡轮,游轮,海军,军船,拖船,帆船,游艇,油轮,货船,货轮,潜艇",船舶,室內,"船,渡輪,渡輪,遊輪,海軍,軍船,拖船,帆船,遊艇,油輪,貨船,貨輪,潛艇"
BOATS,MECHANISM,BOATMech,"rigging, pulley, rope, ship wheel, throttle, net, cage, trap, anchor",船舶,机械,"索具,滑轮,绳索,船轮,油门,网,笼,陷阱,锚",船舶,機械構造,"索具,滑輪,繩索,船輪,油門,網,籠,陷阱,錨"
BOATS,MILITARY,BOATMil,"patrol boat, destroyer, cruisier, battlecruiser, frigate, corvette, fast attack boat",船舶,军用,"巡逻艇, 驱逐舰, 巡洋舰, 战列巡洋舰, 护卫舰, 快速攻击船",船舶,軍用,"巡邏艇, 驅逐艦, 巡洋艦, 戰列巡洋艦, 護衛艦, 快速攻擊船"
BOATS,MISC,BOATMisc,"paddleboat, paddleboard",船舶,其他,"桨船,桨板",船舶,其他,"槳船,槳板"
BOATS,MOTORBOAT,BOATMotr,"small boat, personal fishing boat, speedboat, pontoon boat, duck boat, dinghy",船舶,摩托艇,"小船,个人渔船,快艇,浮筒船,鸭子船,小艇",船舶,摩托艇,"小船,個人漁船,快艇,浮筒船,鴨子船,小艇"
BOATS,RACING,BOATRace,"hydroplane, hydrofoil, jet boat",船舶,赛艇,"水上飞机,水翼艇,喷射艇",船舶,賽艇,"水上飛機,水翼艇,噴射艇"
BOATS,ROWBOAT,BOATRow,"canoe, rowboat, kayak, oar, paddle, dragon boat, row",船舶,划艇,"独木舟,划艇,皮划艇,桨,桨,龙舟,行",船舶,划艇,"獨木舟,划艇,皮划艇,槳,槳,龍舟,行"
BOATS,SAILBOAT,BOATSail,"sailboat, schooner, yawl, sloop, ketch, motorsailer",船舶,帆船,"帆船, 大篷车, yawl, 单桅帆船, 双桅船, 摩托艇",船舶,帆船,"帆船, 大篷車, yawl, 單桅帆船, 雙桅船, 摩托艇"
BOATS,SHIP,BOATShip,"large ship, cruise ship, oil tanker, cargo ship, freighter",船舶,大船,"大船, 游轮, 油轮, 货船, 货轮",船舶,大船,"大船, 遊輪, 油輪, 貨船, 貨輪"
BOATS,STEAM,BOATStm,"steam paddle ship, paddle steamer,  steam engine",船舶,蒸汽船,"蒸汽明轮船,明轮船,蒸汽机",船舶,蒸汽船,"蒸汽明輪船,明輪船,蒸汽機"
BOATS,SUBMARINE,BOATSub,"submarine, sonar",船舶,潜艇,"潜艇,声纳",船舶,潛水艇,"潛艇,聲納"
BULLETS,BY,BLLTBy,"bullet whiz-by, fwip",子弹,呼啸,"子弹飞过,fwip",子彈,呼嘯而過,"子彈飛過,fwip"
BULLETS,IMPACT,BLLTImpt,"bullet impact, bullet hit",子弹,击中,"子弹撞击,子弹击中",子彈,擊中,"子彈撞擊,子彈擊中"
BULLETS,MISC,BLLTMisc,miscellaneous,子弹,其他,各种各样的,子彈,其他,各種各樣的
BULLETS,RICOCHET,BLLTRico,"ricos, ricochet, deflect",子弹,跳弹,"ricos, 弹跳, 偏转",子彈,跳彈,"ricos, 彈跳, 偏轉"
BULLETS,SHELL,BLLTShel,"shell, casing, eject",子弹,弹壳,"外壳,外壳,弹出",子彈,彈殼,"外殼,外殼,彈出"
CARTOON,BOING,TOONBoing,"jaw harp, mouth harp",卡通,弹簧音,"下巴竖琴,口竖琴",卡通,彈簧音,"下巴豎琴,口豎琴"
CARTOON,CLANG,TOONClang,"clang, metallic",卡通,咣当,"叮当,金属",卡通,咣噹,"叮噹,金屬"
CARTOON,CREAK,TOONCreak,"rubber, wood",卡通,嘎吱,橡胶木,卡通,嘎吱,橡膠木
CARTOON,HORN,TOONHorn,"bulb horn, honk, clown horn",卡通,号,"灯泡喇叭, 喇叭, 小丑喇叭",卡通,號角,"燈泡喇叭, 喇叭, 小丑喇叭"
CARTOON,IMPACT,TOONImpt,"bonk, boink, doink",卡通,打击,"bonk, boink, doink",卡通,撞擊,"bonk, boink, doink"
CARTOON,MISC,TOONMisc,"toon, squanch, blorb, flump",卡通,杂项,"香椿,squanch,blob,flump",卡通,其他,"香椿,squanch,blob,flump"
CARTOON,MUSICAL,TOONMx,"gliss, ascend, descend,",卡通,乐句,"滑翔,上升,下降,",卡通,音樂,"滑翔,上升,下降,"
CARTOON,PLUCK,TOONPluk,string pluck,卡通,弹拨,拨弦,卡通,彈撥,撥弦
CARTOON,POP,TOONPop,"pop gun, mouth pop, suction cup, bubble pops",卡通,道具,"爆破枪,嘴巴爆破,吸盘,泡泡爆破",卡通,砰,"爆破槍,嘴巴爆破,吸盤,泡泡爆破"
CARTOON,SHAKE,TOONShake,rattle,卡通,摇晃,嘎嘎声,卡通,搖晃,嘎嘎聲
CARTOON,SPLAT,TOONSplt,"splat, splort, squish",卡通,啪嗒,"啪啪啪,啪啪啪,啪啪啪",卡通,啪嗒,"啪啪啪,啪啪啪,啪啪啪"
CARTOON,SQUEAK,TOONSqk,squeak,卡通,摩擦,吱,卡通,摩擦,吱
CARTOON,STRETCH,TOONStrch,strain,卡通,伸缩,拉紧,卡通,伸縮,拉緊
CARTOON,SWISH,TOONSwsh,"twirl, swirl",卡通,嗖嗖,"旋转,旋转",卡通,咻咻聲,"旋轉,旋轉"
CARTOON,TWANG,TOONTwang,ruler,卡通,弹拨声,统治者,卡通,彈撥聲,統治者
CARTOON,WARBLE,TOONWarb,wobble,卡通,颤音,摇晃,卡通,顫音,搖晃
CARTOON,WHISTLE,TOONWhis,slide whistle,卡通,哨子,滑哨,卡通,哨子,滑哨
CARTOON,ZIP,TOONZip,"zip, rico, siren, whistle",卡通,滋滋,"zip, rico, 警笛, 口哨",卡通,滋滋聲,"zip, rico, 警笛, 口哨"
CERAMICS,BREAK,CERMBrk,"break, crack, shatter, crunch",陶瓷,打破,"打破,裂缝,粉碎,紧缩",陶瓷,打破,"打破,裂縫,粉碎,緊縮"
CERAMICS,CRASH & DEBRIS,CERMCrsh,"fall, debris, shards",陶瓷,碎片,"坠落,碎片,碎片",陶瓷,碎片,"墜落,碎片,碎片"
CERAMICS,FRICTION,CERMFric,"stress, scrape, creak, squeak, screech",陶瓷,挤压,"压力,刮擦,吱吱声,吱吱声,尖叫声",陶瓷,擠壓摩擦,"壓力,刮擦,吱吱聲,吱吱聲,尖叫聲"
CERAMICS,IMPACT,CERMImpt,"hit, drop, impact, crash, clunk, clink",陶瓷,打击,"撞击,掉落,撞击,碰撞,撞击,撞击",陶瓷,撞擊,"撞擊,掉落,撞擊,碰撞,撞擊,撞擊"
CERAMICS,MISC,CERMMisc,miscellaneous,陶瓷,其他,各种各样的,陶瓷,其他,各種各樣的
CERAMICS,MOVEMENT,CERMMvmt,"drag, roll, rattle, shake",陶瓷,移动,"拖动,滚动,摇晃,摇晃",陶瓷,移動,"拖動,滾動,搖晃,搖晃"
CERAMICS,TONAL,CERMTonl,"bowed, ring, shing, ping",陶瓷,音乐性,"鞠躬, 戒指, shing, ping",陶瓷,有音高的,"鞠躬, 戒指, shing, ping"
CHAINS,BREAK,CHAINBrk,"snap, break, bend",链条,打破,"折断,折断,弯曲",鏈條,打破,"折斷,折斷,彎曲"
CHAINS,IMPACT,CHAINImpt,"drop, hit, impact, slam, tension snaps",链条,打中,"跌落,撞击,撞击,猛击,张力断裂",鏈條,撞擊,"跌落,撞擊,撞擊,猛擊,張力斷裂"
CHAINS,MISC,CHAINMisc,miscellaneous,链条,其他,各种各样的,鏈條,其他,各種各樣的
CHAINS,MOVEMENT,CHAINMvmt,"hande, rake, drag",链条,移动,"手,耙,拖",鏈條,移動,"手,耙,拖"
CHEMICALS,ACID,CHEMAcid,"sizzle, melt, fizz",化学,腐蚀,"嘶嘶声,融化,嘶嘶声",化學,腐蝕,"嘶嘶聲,融化,嘶嘶聲"
CHEMICALS,MISC,CHEMMisc,miscellaneous,化学,其他,各种各样的,化學,其他,各種各樣的
CHEMICALS,REACTION,CHEMReac,"bubbling, foaming, reaction",化学,反应,"冒泡,起泡,反应",化學,反應,"冒泡,起泡,反應"
CLOCKS,CHIME,CLOCKChim,"chime, bell, grandfather clock",钟表,风铃,"钟声, 祖父钟",鐘錶,風鈴,"鐘聲, 祖父鐘"
CLOCKS,MECHANICS,CLOCKMech,"winding, clock gears, cuckoo clock",钟表,机械,"绕组, 时钟齿轮, 布谷鸟钟",鐘錶,機械構造,"繞組, 時鐘齒輪, 布穀鳥鐘"
CLOCKS,MISC,CLOCKMisc,miscellaneous,钟表,其他,各种各样的,鐘錶,其他,各種各樣的
CLOCKS,TICK,CLOCKTick,"tick, click, quartz, tick tock, stop watch, egg timer",钟表,嘀嗒,"滴答,点击,石英,滴答,秒表,鸡蛋计时器",鐘錶,嘀嗒,"滴答,點擊,石英,滴答,秒錶,雞蛋計時器"
CLOTH,FLAP,CLOTHFlp,"flap, flag, rustle, parachute, cape, sailcloth, sail, sheet",布料,抖动,"襟翼,旗帜,沙沙声,降落伞,斗篷,帆布,帆,床单",布料,抖動,"襟翼,旗幟,沙沙聲,降落傘,斗篷,帆布,帆,床單"
CLOTH,MISC,CLOTHMisc,miscellaneous,布料,杂项,各种各样的,布料,其他,各種各樣的
CLOTH,MOVEMENT,CLOTHMvmt,"zuzz, swish, rustle, ruffle, scrunch, mvmt",布料,移动,"zuzz, 嗖嗖, 沙沙声, 皱褶, 紧缩, mvmt",布料,移動,"zuzz, 嗖嗖, 沙沙聲, 皺褶, 緊縮, mvmt"
CLOTH,RIP,CLOTHRip,"rip, tear, velcro",布料,撕扯,"撕裂,撕裂,魔术贴",布料,撕扯,"撕裂,撕裂,魔術貼"
COMMUNICATIONS,AUDIO VISUAL,COMAv,"motion picture camera, spooling, film camera, projector, tape recorder, nagra, walkman, CD player, reel to reel, vcr, laserdisc player, betamax, slide projector, beamer, ipod, bolex, 8mm, 16mm",通讯,影视设备,"电影摄影机, 假脱机, 胶片相机, 投影仪, 录音机, nagra, 随身听, CD 播放器, 卷轴, 录像机, 激光光盘播放器, betamax, 幻灯机, ipod, bolex, 8mm, 16mm",通訊,影視設備,"電影攝影機, 假脫機, 膠片相機, 投影儀, 錄音機, nagra, 隨身聽, CD 播放器, 捲軸, 錄像機, 激光光盤播放器, betamax, 幻燈機, ipod, bolex, 8mm, 16mm"
COMMUNICATIONS,CAMERA,COMCam,"camera shutter, winding, flash bulb, kodak, nikon, canon, olympus, kodak, fuji, fujifilm, mamiya, hasselblad, leica, 35mm, 120mm",通讯,照相机,"相机快门,绕组,闪光灯,柯达,尼康,佳能,奥林巴斯,柯达,富士,富士胶片,玛米亚,哈苏,徕卡,35mm,120mm",通訊,照相機,"相機快門,繞組,閃光燈,柯達,尼康,佳能,奧林巴斯,柯達,富士,富士膠片,瑪米亞,哈蘇,徠卡,35mm,120mm"
COMMUNICATIONS,CELLPHONE,COMCell,"mobile phone, smartphone, iphone, blackberry, flip phone, android",通讯,手机,"手机, 智能手机, iphone, 黑莓手机, 翻盖手机, 安卓",通訊,手機,"手機, 智能手機, iphone, 黑莓手機, 翻蓋手機, 安卓"
COMMUNICATIONS,MICROPHONE,COMMic,"mic handling, mic tap, larsen, megaphone",通讯,麦克风,"麦克风处理,麦克风分流,拉森,扩音器",通訊,麥克風,"麥克風處理,麥克風分流,拉森,擴音器"
COMMUNICATIONS,MISC,COMMisc,miscellaneous,通讯,杂项,各种各样的,通訊,其他,各種各樣的
COMMUNICATIONS,PHONOGRAPH,COMPhono,"turntable, victrola, phonograph, stylus, vinyl record",通讯,留声机,"转盘, victrola, 留声机, 手写笔, 黑胶唱片",通訊,留聲機,"轉盤, victrola, 留聲機, 手寫筆, 黑膠唱片"
COMMUNICATIONS,RADIO,COMRadio,"tuning, radio, shortwave, squelch, futz",通讯,收音机,"调谐,收音机,短波,静噪,futz",通訊,收音機,"調諧,收音機,短波,靜噪,futz"
COMMUNICATIONS,STATIC,COMStatic,"static, fuzz, scramble",通讯,干扰,"静态,模糊,争夺",通訊,干擾,"靜態,模糊,爭奪"
COMMUNICATIONS,TELEMETRY,COMTelm,"morse code, telegraph, telemetry, readout, sos",通讯,无线电,"莫尔斯电码,电报,遥测,读数,sos",通訊,無線電,"莫爾斯電碼,電報,遙測,讀數,sos"
COMMUNICATIONS,TELEPHONE,COMTelph,"dial, payphone, rotary dial, key pad, landline, cord phone",通讯,电话,"拨号,公用电话,旋转拨号,键盘,座机,有线电话",通訊,電話,"撥號,公用電話,旋轉撥號,鍵盤,座機,有線電話"
COMMUNICATIONS,TELEVISION,COMTv,"tv, remote, dial, show, program, futz",通讯,电视机,"电视,遥控器,拨号,节目,节目,futz",通訊,電視,"電視,遙控器,撥號,節目,節目,futz"
COMMUNICATIONS,TRANSCEIVER,COMTran,"walkie talkies, cb, ham radios, transceiver, squelch, intercom, dispatch",通讯,信号收发机,"对讲机,cb,业余无线电,收发器,静噪,对讲,调度",通訊,無線電,"對講機,cb,業餘無線電,收發器,靜噪,對講,調度"
COMMUNICATIONS,TYPEWRITER,COMType,"typewriter, teleprinter, carriage return, platen knob",通讯,打字机,"打字机,电传打字机,回车,压板旋钮",通訊,打字機,"打字機,電傳打字機,回車,壓板旋鈕"
COMPUTERS,HARD DRIVE,CMPTDriv,"skip, search, grind, hard disc, hard disk",电脑,硬盘,"跳过,搜索,研磨,硬盘,硬盘",電腦,硬碟,"跳過,搜索,研磨,硬盤,硬盤"
COMPUTERS,KEYBOARD & MOUSE,CMPTKey,"keyboard, mouse, mice, trackpad",电脑,键鼠,"键盘,鼠标,鼠标,触控板",電腦,滑鼠鍵盤,"鍵盤,鼠標,鼠標,觸控板"
COMPUTERS,MISC,CMPTMisc,"palm pilot, pocket pc",电脑,杂项,"掌上电脑,掌上电脑",電腦,其他,"掌上電腦,掌上電腦"
CREATURES,AQUATIC,CREAAqua,"kraken, mermaid, giant squid",生物,水生,"海妖,美人鱼,巨型鱿鱼",生物,水生,"海妖,美人魚,巨型魷魚"
CREATURES,AVIAN,CREAAvian,"alien birds, extraterrestrial birds, fantasy birds",生物,奇幻禽类,"外星鸟类,外星鸟类,奇幻鸟类",生物,奇幻禽類,"外星鳥類,外星鳥類,奇幻鳥類"
CREATURES,BEAST,CREABeast,"wooly mammoth, mumakil, ",生物,野兽,"猛犸象, mumakil",生物,野獸,"猛獁象, mumakil"
CREATURES,BLOB,CREABlob,blob,生物,黏体生物,斑点,生物,黏體,斑點
CREATURES,DINOSAUR,CREADino,"brontosaurus, velociraptor, triceratops, stegosaurus, tyrannosaurus, allosaurus, spinosaurus, brachiosaurus, archaeopteryx, pterosaurs, pterodactyl",生物,恐龙,"雷龙, 迅猛龙, 三角龙, 剑龙, 暴龙, 异特龙, 棘龙, 腕龙, 始祖鸟, 翼龙, 翼手龙",生物,恐龍,"雷龍, 迅猛龍, 三角龍, 劍龍, 暴龍, 異特龍, 棘龍, 腕龍, 始祖鳥, 翼龍, 翼手龍"
CREATURES,DRAGON,CREADrgn,"dragon, drake, wyvern",生物,龙,"龙,德雷克,飞龙",生物,龍,"龍,德雷克,飛龍"
CREATURES,ELEMENTAL,CREAElem,"rock monster, fire monster, ice monster, rock giant, ice giant, golem",生物,奇幻生物,"岩石怪物,火怪物,冰怪物,岩石巨人,冰巨人,魔像",生物,奇幻,"岩石怪物,火怪物,冰怪物,岩石巨人,冰巨人,魔像"
CREATURES,ETHEREAL,CREAEthr,"ghosts, spirits, ethereal, wispy, spectre, soul, apparition, spectral, poltergeist, phantom, wraith",生物,鬼魂,"幽灵,精神,空灵,纤细,幽灵,灵魂,幻影,幽灵,恶作剧,幻影,幽灵",生物,鬼魂,"幽靈,精神,空靈,纖細,幽靈,靈魂,幻影,幽靈,惡作劇,幻影,幽靈"
CREATURES,HUMANOID,CREAHmn,"zombie, undead, living dead, ghoul, vampire, elf, orcs, ogre, troll, tengu, leprechaun, bigfoot, swamp thing, werewolf, frankenstein, mummy",生物,类人生物,"僵尸,亡灵,活死人,食尸鬼,吸血鬼,精灵,兽人,食人魔,巨魔,天狗,妖精,大脚怪,沼泽事物,狼人,科学怪人,木乃伊",生物,類人,"殭屍,亡靈,活死人,食屍鬼,吸血鬼,精靈,獸人,食人魔,巨魔,天狗,妖精,大腳怪,沼澤事物,狼人,科學怪人,木乃伊"
CREATURES,INSECTOID,CREAInsc,"giant ant, giant spider",生物,巨型昆虫,"巨型蚂蚁,巨型蜘蛛",生物,巨型昆蟲,"巨型螞蟻,巨型蜘蛛"
CREATURES,MISC,CREAMisc,miscellaneous,生物,其他,各种各样的,生物,其他,各種各樣的
CREATURES,MONSTER,CREAMnstr,"godzilla, king kong, rancor, behemoth, xenomorph, chupacabra",生物,怪兽,"哥斯拉, 金刚, 怨恨, 庞然大物, 异形, 卓柏卡布拉",生物,怪獸,"哥斯拉, 金剛, 怨恨, 龐然大物, 異形, 卓柏卡布拉"
CREATURES,REPTILIAN,CREARept,"serpent, serpentine, giant lizard, giant snake",生物,巨型爬虫,"蛇, 蛇纹石, 巨蜥, 巨蛇",生物,巨型爬蟲,"蛇, 蛇紋石, 巨蜥, 巨蛇"
CREATURES,SMALL,CREASmall,"fairy, pixie, gremlin, imp, fraggle",生物,小型奇幻生物,"仙女,小精灵,小鬼,小鬼,碎片",生物,小型奇幻,"仙女,小精靈,小鬼,小鬼,碎片"
CREATURES,SOURCE,CREASrce,"bark, breath, call, caw, squawk, chitter, click, cry, effort, grunt, hiss, howl, growl, snarl, guttural, moan, groan, mouth, roar, scream, screech, squeal, whine",生物,原始录音,"吠声,呼吸声,叫声,叫声,吱吱声,吱吱声,咔嗒声,叫声,努力,咕噜声,嘶嘶声,嚎叫声,咆哮声,咆哮声,喉音,呻吟声,呻吟声,嘴巴,咆哮声,尖叫声,尖叫声,尖叫声,呜呜声",生物,素材,"吠聲,呼吸聲,叫聲,叫聲,吱吱聲,吱吱聲,咔嗒聲,叫聲,努力,咕嚕聲,嘶嘶聲,嚎叫聲,咆哮聲,咆哮聲,喉音,呻吟聲,呻吟聲,嘴巴,咆哮聲,尖叫聲,尖叫聲,尖叫聲,嗚嗚聲"
CROWDS,ANGRY,CRWDAngr,"hooligan, riot, protest, shout, rowdy",人群,愤怒,"流氓,暴动,抗议,喊叫,吵闹",群衆,憤怒,"流氓,暴動,抗議,喊叫,吵鬧"
CROWDS,APPLAUSE,CRWDApls,"applause, cheer, clapping, encore",人群,喝彩,"掌声,欢呼,鼓掌,安可",群衆,掌聲,"掌聲,歡呼,鼓掌,安可"
CROWDS,BATTLE,CRWDBatl,"battle cries, shout, charge, rally, army, battle, scuffle, war, screaming, dying",人群,打斗,"战斗呐喊,呐喊,冲锋,集结,军队,战斗,混战,战争,尖叫,死亡",群衆,打鬥,"戰鬥吶喊,吶喊,衝鋒,集結,軍隊,戰鬥,混戰,戰爭,尖叫,死亡"
CROWDS,CELEBRATION,CRWDCele,"celebrating, holiday, party, rowdy, birthday, new years, christmas, parade",人群,庆祝,"庆祝,假期,派对,吵闹,生日,新年,圣诞节,游行",群衆,慶祝,"慶祝,假期,派對,吵鬧,生日,新年,聖誕節,遊行"
CROWDS,CHEERING,CRWDCheer,"cheering, concert, stadium, audience, whooping, swells, chants",人群,欢呼,"欢呼,音乐会,体育场,观众,呐喊,膨胀,圣歌",群衆,歡呼,"歡呼,音樂會,體育場,觀眾,吶喊,膨脹,聖歌"
CROWDS,CHILDREN,CRWDChld,"playground, recess, kids playing, park, play, tag",人群,儿童,"操场,休息,孩子们玩耍,公园,玩耍,标签",群衆,兒童,"操場,休息,孩子們玩耍,公園,玩耍,標籤"
CROWDS,CONVERSATION,CRWDConv,"chatter, chat, talk, sparse walla, converse, conversation",人群,谈话,"喋喋不休,聊天,谈话,稀疏的瓦拉,交谈,谈话",群衆,談話,"喋喋不休,聊天,談話,稀疏的瓦拉,交談,談話"
CROWDS,LAUGHTER,CRWDLaff,"tv show, canned laughter, comedy club, laugh track",人群,笑,"电视节目,罐头笑声,喜剧俱乐部,笑声",群衆,笑,"電視節目,罐頭笑聲,喜劇俱樂部,笑聲"
CROWDS,LOOP GROUP,CRWDLoop,"loop group, adr, canned",人群,循环群杂,"循环组,adr,罐头",群衆,循環群雜,"循環組,adr,罐頭"
CROWDS,MISC,CRWDMisc,miscellaneous,人群,其他,各种各样的,群衆,其他,各種各樣的
CROWDS,PANIC,CRWDPanic,"panic, chaos, shout, scream, cry, distress",人群,恐惧,"恐慌,混乱,呐喊,尖叫,哭泣,痛苦",群衆,恐懼,"恐慌,混亂,大喊,尖叫,哭泣"
CROWDS,QUIET,CRWDQuiet,"murmur, whispering, hushing, mumbling",人群,安静,"喃喃自语,窃窃私语,安静,喃喃自语",群衆,安靜,"喃喃自語,竊竊私語,安靜,喃喃自語"
CROWDS,REACTION,CRWDReac,"boo, ahh, ooh, studio reaction",人群,反应,"嘘,啊,哦,工作室的反应",群衆,反應,"噓,啊,哦,工作室的反應"
CROWDS,SINGING,CRWDSing,"chant, choir, chorale, carol",人群,歌唱,"圣歌,合唱团,合唱团,颂歌",群衆,歌唱,"聖歌,合唱團,合唱團,頌歌"
CROWDS,SPORT,CRWDSprt,"applause, clapping, boo, cheer, stadium, yay, audience, olympics, shouting, woohoo",人群,运动,"掌声,鼓掌,嘘,欢呼,体育场,耶,观众,奥运会,喊叫,呜呼",群衆,運動,"掌聲,鼓掌,噓,歡呼,體育場,耶,觀眾,奧運會,喊叫,嗚呼"
CROWDS,WALLA,CRWDWalla,"voices, talk, walla, conversation",人群,群杂,"声音,谈话,瓦拉,谈话",群衆,群雜,"聲音,談話,瓦拉,談話"
DESIGNED,BASS DIVE,DSGNBass,"bass dive, downer, bass drop, fall",声音设计,低频下潜,"低音潜水,downer,低音下降,下降",設計,低頻下潛,"低音潛水,downer,低音下降,下降"
DESIGNED,BOOM,DSGNBoom,"boom, deep hit, low sting, trailer",声音设计,低频轰鸣,"繁荣,重击,低刺,拖车",設計,低頻轟鳴,"繁榮,重擊,低刺,拖車"
DESIGNED,BRAAM,DSGNBram,bramm,声音设计,低频号角,布拉姆,設計,低頻號角,布拉姆
DESIGNED,DISTORTION,DSGNDist,"distortion, squared off, distorted",声音设计,失真,"扭曲,平方,扭曲",設計,破音失真的,"扭曲,平方,扭曲"
DESIGNED,DRONE,DSGNDron,"pad, drone, texture, ominous, tension",声音设计,低音氛围,"垫,无人机,质地,不祥,紧张",設計,低音氛圍,"墊,無人機,質地,不祥,緊張"
DESIGNED,EERIE,DSGNErie,"spooky, tense, strange, creepy, scary, chilling, haunting, freaky, frightful, ",声音设计,毛骨悚然的,"阴森森的,紧张的,奇怪的,令人毛骨悚然的,可怕的,令人不寒而栗的,令人难以忘怀的,怪异的,可怕的,",設計,毛骨悚然的,"陰森森的,緊張的,奇怪的,令人毛骨悚然的,可怕的,令人不寒而栗的,令人難以忘懷的,怪異的,可怕的,"
DESIGNED,ETHEREAL,DSGNEthr,"ethereal, celestial",声音设计,鬼魅飘渺,"空灵的,天上的",設計,鬼魅飄渺,"空靈的,天上的"
DESIGNED,MISC,DSGNMisc,miscellaneous,声音设计,其他,各种各样的,設計,其他,各種各樣的
DESIGNED,RISER,DSGNRise,"reverse, crescendo, rizer, riser, tension",声音设计,恐惧渐强,"反向,渐强,立管,立管,张力",設計,漸強,"反向,漸強,立管,立管,張力"
DESIGNED,RUMBLE,DSGNRmbl,"subharmonic, rumble, shake, earthquake",声音设计,次声波,"次谐波,隆隆声,震动,地震",設計,次聲波,"次諧波,隆隆聲,震動,地震"
DESIGNED,SOURCE,DSGNSrce,"source, raw, material, raw recording",声音设计,原始录音,"源,原始,素材,原始记录",設計,素材,"源,原始,素材,原始記錄"
DESIGNED,STINGER,DSGNStngr,"sting, startle, trailer, cinematic",声音设计,重音强调,"刺痛,惊吓,预告片,电影",設計,重音強調,"刺痛,驚嚇,預告片,電影"
DESIGNED,SYNTHETIC,DSGNSynth,"synthesized, synth, mod synth, modular synth, granular, analog synth, modular synth",声音设计,电子合成,"合成,合成器,mod 合成器,模块化合成器,颗粒,模拟合成器,模块化合成器",設計,電子合成,"合成,合成器,mod 合成器,模塊化合成器,顆粒,模擬合成器,模塊化合成器"
DESIGNED,TONAL,DSGNTonl,"tinnitus, ringing, shell shock, subjective",声音设计,音乐性,"耳鸣,振铃,贝壳冲击,主观",設計,有音高的,"耳鳴,振鈴,貝殼衝擊,主觀"
DESIGNED,VOCAL,DSGNVocl,"enchantment, spell, processed, vocal, whisper, ghostly",声音设计,人声,"附魔,咒语,处理,声乐,耳语,幽灵",設計,人聲的,"結界,咒語,處理,聲樂,耳語,幽靈"
DESTRUCTION,COLLAPSE,DESTRClpse,"collapse, topple, fell, implode",拆除,倒塌,"倒塌,倾倒,跌倒,内爆",拆除,倒塌,"倒塌,傾倒,跌倒,內爆"
DESTRUCTION,CRASH & DEBRIS,DESTRCrsh,"crash, rupture, implode, smash, break, shatter",拆除,碎片,"崩溃,破裂,内爆,粉碎,断裂,粉碎",拆除,碎片,"崩潰,破裂,內爆,粉碎,斷裂,粉碎"
DESTRUCTION,MISC,DESTRMisc,miscellaneous,拆除,其他,各种各样的,拆除,其他,各種各樣的
DIRT & SAND,CRASH & DEBRIS,DIRTCrsh,"debris, sand, dirt, trickle, spray, crumble",沙土,碎屑,"碎片,沙子,污垢,滴流,喷雾,碎裂",砂土,碎屑,"碎片,沙子,污垢,滴流,噴霧,碎裂"
DIRT & SAND,DUST,DIRTDust,"fine, particle, sediment, silt, dust",沙土,灰尘,"细粒,颗粒,沉积物,淤泥,灰尘",砂土,灰塵,"細粒,顆粒,沉積物,淤泥,灰塵"
DIRT & SAND,IMPACT,DIRTImpt,"dump, thud, unload, drop",沙土,碰撞,"倾倒, 砰的一声, 卸载, 下降",砂土,碰撞,"傾倒, 砰的一聲, 卸載, 下降"
DIRT & SAND,MISC,DIRTMisc,miscellaneous,沙土,其他,各种各样的,砂土,其他,各種各樣的
DIRT & SAND,MOVEMENT,DIRTMvmt,"pour, unload, flow, spill",沙土,移动,"倾倒,卸载,流动,溢出",砂土,移動,"傾倒,卸載,流動,溢出"
DOORS,ANTIQUE,DOORAntq,"castle, abby, church, old, ancient, antique",门,古董,"城堡,艾比,教堂,老,古代,古董",門,古董,"城堡,艾比,教堂,老,古代,古董"
DOORS,APPLIANCE,DOORAppl,"oven, microwave, refrigerator, dishwasher, laundry machine, dryer",门,家电,"烤箱,微波炉,冰箱,洗碗机,洗衣机,烘干机",門,家電,"烤箱,微波爐,冰箱,洗碗機,洗衣機,烘乾機"
DOORS,CABINET,DOORCab,"cabinet, kitchen cabinet, tool cabinet",门,箱柜,"橱柜,厨柜,工具柜",門,箱櫃,"櫥櫃,廚櫃,工具櫃"
DOORS,CREAK,DOORCreak,"creak, door, dungeon, cellar, castle, wood door, metal door, door creak",门,嘎吱,"吱吱声,门,地牢,地窖,城堡,木门,金属门,门吱吱声",門,吱嘎聲,"吱吱聲,門,地牢,地窖,城堡,木門,金屬門,門吱吱聲"
DOORS,DUNGEON,DOORDungn,"castle, dungeon, large, cellar",门,传统大门,"城堡, 地牢, 大, 地窖",門,老式的,"城堡, 地牢, 大, 地窖"
DOORS,ELECTRIC,DOORElec,"electric door, garage door, soundstage door, automatic door",门,电动门,"电动门,车库门,声场门,自动门",門,電動,"電動門,車庫門,聲場門,自動門"
DOORS,GATE,DOORGate,"garden gate, fence gate, park gate, rail crossing",门,大门,"花园门,栅栏门,公园门,铁路道口",門,大門,"花園門,柵欄門,公園門,鐵路道口"
DOORS,GLASS,DOORGlas,"glass door, store door, bay door, french door",门,玻璃门,"玻璃门,商店门,海湾门,法式门",門,玻璃,"玻璃門,商店門,海灣門,法式門"
DOORS,HARDWARE,DOORHdwr,"doorknob, deadbolt, push bar, chain lock, hinge, latch, handle, hardware, lock picking, jiggle",门,锁具,"门把手,门闩,推杆,链锁,铰链,门闩,把手,硬件,撬锁,摇晃",門,鎖具,"門把手,門閂,推桿,鏈鎖,鉸鏈,門閂,把手,硬件,撬鎖,搖晃"
DOORS,HITECH,DOORTech,lab door,门,高科技,实验室门,門,高科技,實驗室門
DOORS,HYDRAULIC & PNEUMATIC,DOORHydr,"door closer, pneumatic, hydraulic, powered hatch",门,液压与气动,"闭门器,气动,液压,电动舱口",門,液壓與氣動,"閉門器,氣動,液壓,電動艙口"
DOORS,KNOCK,DOORKnck,"knock, rap, knocker, bang, thud, thump",门,敲门,"敲,说唱,敲门,砰,砰,砰",門,敲門,"敲,說唱,敲門,砰,砰,砰"
DOORS,METAL,DOORMetl,"rollup, vault, safe, hatch",门,金属门,"汇总,保险库,保险箱,舱口",門,金屬,"匯總,保險庫,保險箱,艙口"
DOORS,MISC,DOORMisc,miscellaneous,门,其他,各种各样的,門,其他,各種各樣的
DOORS,PLASTIC,DOORPlas,"porta john, porta let, porta pottie",门,塑料门,"porta john, porta let, porta pottie",門,塑膠,"porta john, porta let, porta pottie"
DOORS,PRISON,DOORPrisn,"jail door, prison door",门,牢门,"监狱门,监狱门",門,牢門,"監獄門,監獄門"
DOORS,REVOLVING,DOORRevl,"revolve, rotate, revolving door, hotel, airport, mall",门,旋转门,"旋转,旋转,旋转门,酒店,机场,商场",門,旋轉,"旋轉,旋轉,旋轉門,酒店,機場,商場"
DOORS,SLIDING,DOORSlid,"sliding glass door, patio door, shower door",门,推拉门/滑动门,"玻璃推拉门,庭院门,淋浴门",門,推拉滑動,"玻璃推拉門,庭院門,淋浴門"
DOORS,STONE,DOORSton,"tomb, crypt, temple, mausoleum, secret entrance",门,石门,"坟墓,地穴,寺庙,陵墓,秘密入口",門,石頭,"墳墓,地穴,寺廟,陵墓,秘密入口"
DOORS,SWINGING,DOORSwng,"saloon door, traffic door, restaurant door, church pulpit door",门,双开门,"沙龙门,交通门,餐厅门,教堂讲坛门",門,雙開,"沙龍門,交通門,餐廳門,教堂講壇門"
DOORS,WOOD,DOORWood,"entrance, front door, closet",门,木门,"入口,前门,壁橱",門,木頭,"入口,前門,壁櫥"
DRAWERS,METAL,DRWRMetl,"tool box, rack drawer, filing cabinet, cash register, security drawer",抽屉,金属,"工具箱,机架抽屉,文件柜,收银机,安全抽屉",抽屜,金屬,"工具箱,機架抽屜,文件櫃,收銀機,安全抽屜"
DRAWERS,MISC,DRWRMisc,miscellaneous,抽屉,其他,各种各样的,抽屜,其他,各種各樣的
DRAWERS,PLASTIC,DRWRPlas,"parts bin, desk organizer",抽屉,塑料,"零件箱,办公桌组织者",抽屜,塑膠,"零件箱,辦公桌組織者"
DRAWERS,WOOD,DRWRWood,"kitchen drawer, bathroom drawer",抽屉,木制,"厨房抽屉,浴室抽屉",抽屜,木製,"廚房抽屜,浴室抽屜"
ELECTRICITY,ARC,ELECArc,"jacob's ladder, tesla coil, ark, arch, power station, electrocute",电流,电弧,"雅各布的梯子,特斯拉线圈,方舟,拱门,电站,电刑",電流,電弧,"雅各布的梯子,特斯拉線圈,方舟,拱門,電站,電刑"
ELECTRICITY,BUZZ & HUM,ELECBuzz,"ground hum, amp hum, amp buzz, speaker hum, speaker buzz, hum, buzz, induction hum",电流,电流噪声,"地面嗡嗡声,放大器嗡嗡声,放大器嗡嗡声,扬声器嗡嗡声,扬声器嗡嗡声,嗡嗡声,嗡嗡声,感应嗡嗡声",電流,電流噪聲,"地面嗡嗡聲,放大器嗡嗡聲,放大器嗡嗡聲,揚聲器嗡嗡聲,揚聲器嗡嗡聲,嗡嗡聲,嗡嗡聲,感應嗡嗡聲"
ELECTRICITY,ELECTROMAGNETIC,ELECEmf,"emf, coil, pickup, induction",电流,电磁,"电动势,线圈,拾音器,感应",電流,電磁,"電動勢,線圈,拾音器,感應"
ELECTRICITY,MISC,ELECMisc,miscellaneous,电流,其他,各种各样的,電流,其他,各種各樣的
ELECTRICITY,SPARKS,ELECSprk,"sparkler, weld, sputter, shorting",电流,电火花,"烟火,焊接,溅射,短路",電流,電火花,"煙火,焊接,濺射,短路"
ELECTRICITY,ZAP,ELECZap,"discharge, tase, taser, electrocute",电流,漏电,"放电, tase, 泰瑟枪, 电击",電流,漏電,"放電, tase, 泰瑟槍, 電擊"
EQUIPMENT,BRIDLE & TACK,EQUIPBridle,"bridle, reigns, leash, harness, dog leash, saddle strap",器具,挽具,"缰绳,统治,皮带,马具,狗皮带,马鞍带",裝備,輓具,"韁繩,統治,皮帶,馬俱,狗皮帶,馬鞍帶"
EQUIPMENT,HITECH,EQUIPTech,"space suit, utility belt",器具,高科技,"宇航服,实用腰带",裝備,高科技,"宇航服,實用腰帶"
EQUIPMENT,MISC,EQUIPMisc,miscellaneous,器具,其他,各种各样的,裝備,其他,各種各樣的
EQUIPMENT,RECREATIONAL,EQUIPRec,"backpack, hike, hiking, mountaineering, climb, rock climb, camp, tent",器具,户外装备,"背包,远足,远足,登山,攀岩,攀岩,营地,帐篷",裝備,戶外,"背包,遠足,遠足,登山,攀岩,攀岩,營地,帳篷"
EQUIPMENT,SPORT,EQUIPSprt,"shoulder pad, knee pad, shin pad, jock strap",器具,运动设施,"护肩,护膝,护胫,护腿带",裝備,運動,"護肩,護膝,護脛,護胸帶"
EQUIPMENT,TACTICAL,EQUIPTact,"belt, tactical, duty belt, ammo belt, police, military, bandoleer",器具,战术装备,"腰带, 战术, 职责腰带, 弹药腰带, 警察, 军事, 子弹带",裝備,戰術,"腰帶, 戰術, 職責腰帶, 彈藥腰帶, 警察, 軍事, 子彈帶"
EXPLOSIONS,DESIGNED,EXPLDsgn,"shockwave, sweetener, echo",爆炸,设计后的,"冲击波,甜味剂,回声",爆炸,設計的,"衝擊波,甜味劑,迴聲"
EXPLOSIONS,MISC,EXPLMisc,detonation,爆炸,其他,爆炸,爆炸,其他,爆炸
EXPLOSIONS,REAL,EXPLReal,"bang, implosion, crack, pop",爆炸,真实的,"砰,内爆,裂纹,流行",爆炸,真實的,"砰,內爆,裂紋,流行"
FARTS,DESIGNED,FARTDsgn,"putty, razzberry, raspberry, whoopie cushion, flarp, armpit, fartbag, balloon",放屁,设计后的,"腻子,覆盆子,覆盆子,百日咳垫,襟翼,腋窝,放屁袋,气球",放屁,設計的,"膩子,覆盆子,覆盆子,百日咳墊,襟翼,腋窩,放屁袋,氣球"
FARTS,MISC,FARTMisc,animal fart,放屁,其他,动物屁,放屁,其他,動物屁
FARTS,REAL,FARTReal,"human fart, flatulence, poot, toot",放屁,真实的,"人类放屁,胀气,poot,嘟嘟",放屁,真實的,"人類放屁,脹氣,poot,嘟嘟"
FIGHT,BODYFALL,FGHTBf,"bodyfall, body drag, scuffle, body slam, tackle",打斗,跌落,"bodyfall,身体阻力,混战,身体猛击,铲球",打鬥,跌落,"bodyfall,身體阻力,混戰,身體猛擊,鏟球"
FIGHT,CLOTH,FGHTClth,"combat cloth, grab, snatch, cloth impact, cloth hit",打斗,衣服,"战斗布,抓,抢,布冲击,布击",打鬥,衣服,"戰鬥布,抓,搶,布衝擊,布擊"
FIGHT,GRAB,FGHTGrab,"combat, grab, grapple, wrestle, judo",打斗,抓住,"格斗,抓斗,格斗,摔跤,柔道",打鬥,抓住,"格鬥,抓斗,格鬥,摔跤,柔道"
FIGHT,IMPACT,FGHTImpt,"punch, kick, body blow, slap, smack, brawl, shove, sock, uppercut, jab",打斗,击打,"拳,踢,身体打击,巴掌,打,斗殴,推,袜子,勾拳,刺拳",打鬥,撞擊,"拳,踢,身體打擊,巴掌,打,鬥毆,推,襪子,勾拳,刺拳"
FIGHT,MISC,FGHTMisc,miscellaneous,打斗,其他,各种各样的,打鬥,其他,各種各樣的
FIRE,BURNING,FIREBurn,"bonfire, campfire, brush fire, structure fire, blaze, inferno, combustion, tinder, pyre",火,燃烧,"篝火,篝火,刷火,结构火,火焰,地狱,燃烧,火种,柴堆",火,燃燒,"篝火,篝火,刷火,結構火,火焰,地獄,燃燒,火種,柴堆"
FIRE,BURST,FIREBrst,"backdraft, flamethrower, dragon fire, engulf",火,爆燃,"回燃,火焰喷射器,龙火,吞噬",火,爆燃,"回燃,火焰噴射器,龍火,吞噬"
FIRE,CRACKLE,FIRECrkl,"pop, spit, snap, sparkle",火,爆裂,"流行,吐,啪,闪光",火,爆裂,"流行,吐,啪,閃光"
FIRE,GAS,FIREGas,"gas grill, bunsen burner, furnace, camping stove, kitchen stove, crematorium, gas range",火,气体,"燃气烤架,本生灯,熔炉,野营炉,厨房炉灶,火葬场,燃气灶",火,氣體,"燃氣烤架,本生燈,熔爐,野營爐,廚房爐灶,火葬場,燃氣灶"
FIRE,IGNITE,FIREIgn,"match, lighter, zippo, enflame, erupt, flame up, inflame",火,点火,"火柴,打火机,zippo,着火,爆发,着火,着火",火,點火,"火柴,打火機,zippo,著火,爆發,著火,著火"
FIRE,MISC,FIREMisc,miscellaneous,火,杂项,各种各样的,火,其他,各種各樣的
FIRE,SIZZLE,FIRESizz,"fire poker, fuse, fuse burn",火,滋滋声,"火扑克, 保险丝, 保险丝燃烧",火,滋滋聲,"火撲克, 保險絲, 保險絲燃燒"
FIRE,TORCH,FIRETrch,"flare, fuse, torch, firebrand, flaming stick, cresset",火,火炬,"耀斑,保险丝,火炬,火把,燃烧的棒,cresset",火,火炬,"耀斑,保險絲,火炬,火把,燃燒棒,冠冕"
FIRE,WHOOSH,FIREWhsh,"fireball, blaze, molotov, flare, backdraft",火,呼呼声,"火球,火焰,莫洛托夫,耀斑,倒吸",火,呼呼聲,"火球,火焰,莫洛托夫,耀斑,倒吸"
FIREWORKS,COMMERCIAL,FRWKComr,"mortar, firework, pyrotechnics, kaboom, shell, fireworks display",烟花,商业表演,"迫击炮,烟花,烟火,kaboom,贝壳,烟花汇演",煙火,大型,"迫擊砲,煙花,煙火,kaboom,貝殼,煙花匯演"
FIREWORKS,MISC,FRWKMisc,miscellaneous,烟花,其他,各种各样的,煙火,其他,各種各樣的
FIREWORKS,RECREATIONAL,FRWKRec,"firecracker, m80, sparkler, bottle rocket, smoke bomb, jumping jack, roman candle, popper, cherry bomb",烟花,自娱,"鞭炮,m80,烟火,瓶火箭,烟雾弹,跳跃的千斤顶,罗马蜡烛,波普尔,樱桃炸弹",煙火,小型,"鞭炮,m80,煙火,瓶火箭,煙霧彈,跳躍的千斤頂,羅馬蠟燭,波普爾,櫻桃炸彈"
FOLEY,CLOTH,FOLYClth,"rustle, movement, mvmt, zuzz",拟音,布料/衣服,"沙沙声,运动,mvmt,zuzz",擬音表演,布料,"沙沙聲,運動,mvmt,zuzz"
FOLEY,FEET,FOLYFeet,"foot, shoe, footstep, surface",拟音,脚步,"脚,鞋,脚步,表面",擬音表演,腳步,"腳,鞋,腳步,表面"
FOLEY,HANDS,FOLYHand,"pat, grab, handle, set",拟音,手,"轻拍,抓住,处理,设置",擬音表演,手,"輕拍,抓住,處理,設置"
FOLEY,MISC,FOLYMisc,miscellaneous,拟音,其他,各种各样的,擬音表演,其他,各種各樣的
FOLEY,PROP,FOLYProp,"prop, props",拟音,道具,"道具,道具",擬音表演,道具,"道具,道具"
FOOD & DRINK,COOKING,FOODCook,"chopping, slicing, dicing, mixing, blending, whisking, saute, fry, boil, grill, sizzle, steam, stew, stir, saute",食物/饮料,烹饪,"切碎,切片,切丁,混合,搅拌,搅拌,炒,炒,煮,烤,咝咝,蒸,炖,搅拌,炒",食物飲料,烹飪,"切碎,切片,切丁,混合,攪拌,攪拌,炒,炒,煮,烤,噝噝,蒸,燉,攪拌,炒"
FOOD & DRINK,DRINKING,FOODDrnk,"sip, slurp, drink, swallow, gulp, beverage, swig, chug, glug",食物/饮料,喝,"啜饮,啜饮,啜饮,啜饮,啜饮,啜饮,啜饮,啜饮",食物飲料,喝,"啜飲,啜飲,喝,吞,啜飲,飲料,啜飲,突突,突突"
FOOD & DRINK,EATING,FOODEat,"eat, crunch, chew, swallow, munch, chomp, bite, ingest, consume, feast, feed",食物/饮料,吃东西,"吃,紧缩,咀嚼,吞下,咀嚼,咀嚼,咬,摄取,消耗,盛宴,饲料",食物飲料,吃,"吃,緊縮,咀嚼,吞下,咀嚼,咀嚼,咬,攝取,消耗,盛宴,飼料"
FOOD & DRINK,GLASSWARE,FOODGware,"bottle, glass, cup, jug, carafe, can",食物/饮料,玻璃器皿,"瓶子,玻璃,杯子,水壶,玻璃水瓶,可以",食物飲料,器皿,"瓶子,玻璃,杯子,水壺,玻璃水瓶,可以"
FOOD & DRINK,INGREDIENTS,FOODIngr,"nut, seed, grain, vegetable, fruit, canned food, cereal, meat, oats, maize",食物/饮料,榨汁,"坚果,种子,谷物,蔬菜,水果,罐头食品,谷物,肉类,燕麦,玉米",食物飲料,榨汁,"堅果,種子,穀物,蔬菜,水果,罐頭食品,穀物,肉類,燕麥,玉米"
FOOD & DRINK,KITCHENWARE,FOODKware,"pan, pot, stewpan, stockpot, frying pan, saucepan",食物/饮料,厨具,"平底锅,锅,炖锅,汤锅,煎锅,平底锅",食物飲料,廚具,"平底鍋,鍋,燉鍋,湯鍋,煎鍋,平底鍋"
FOOD & DRINK,MISC,FOODMisc,miscellaneous,食物/饮料,其他,各种各样的,食物飲料,其他,各種各樣的
FOOD & DRINK,TABLEWARE,FOODTware,"cutlery, knife, knives, fork, cup, plate, chopstick",食物/饮料,餐具,"餐具,刀,刀,叉,杯,盘,筷",食物飲料,餐具,"餐具,刀,刀,叉,杯,盤,筷"
FOOTSTEPS,ANIMAL,FEETAnml,"walk, run, sprint",脚步,动物,"走,跑,冲刺",腳步,動物,"走,跑,衝刺"
FOOTSTEPS,CREATURE,FEETCrea,"dinosaur, creature, beast, dragon, mythical",脚步,怪物,"恐龙,生物,野兽,龙,神话",腳步,怪物,"恐龍,生物,野獸,龍,神話"
FOOTSTEPS,HORSE,FEETHors,"walk, trot, gallop, hoof, hooves, canter",脚步,马,"步行,小跑,疾驰,蹄,蹄,慢跑",腳步,馬,"步行,小跑,疾馳,蹄,蹄,慢跑"
FOOTSTEPS,HUMAN,FEETHmn,"walk, run, foot, jog, sprint, jump, skip, hobble, hike, stride, footstep, feet, step, climb",脚步,人类,"走,跑,脚,慢跑,冲刺,跳跃,跳过,蹒跚,远足,大步,脚步,脚,步,爬",腳步,人類,"步行,跑步,腳,慢跑,衝刺,跳躍,跳過,蹣跚,遠足,大步,腳步,腳,步,爬"
FOOTSTEPS,MISC,FEETMisc,miscellaneous,脚步,其他,各种各样的,腳步,其他,各種各樣的
GAMES,ARCADE,GAMEArcd,"pinball, whack-a-mole, skeeball, claw machine",游戏,街机,"弹球, 打地鼠, skeeball, 爪机",遊戲,街機,"彈球, 打地鼠, skeeball, 爪機"
GAMES,BOARD,GAMEBoard,"chess, checkers, go, backgammon",游戏,桌游,"国际象棋,跳棋,走,西洋双陆棋",遊戲,桌游,"國際象棋,跳棋,走,西洋雙陸棋"
GAMES,CASINO,GAMECas,"roulette, slot machine",游戏,赌场,"轮盘赌,老虎机",遊戲,賭場,"輪盤賭,老虎機"
GAMES,MISC,GAMEMisc,"poker, card, jenga, dice, knucklebone,",游戏,杂项,"扑克, 卡片, jenga, 骰子, knucklebone",遊戲,其他,"撲克, 卡片, jenga, 骰子, knucklebone"
GAMES,VIDEO,GAMEVideo,"atari, ps4, xbox one, xbox 360, amstrad, famicom, snes, gameboy, nintendo 64, playstation, megadrive, psp",游戏,单机,"atari, ps4, xbox 1, xbox 360, amstrad, famicom, snes, gameboy, nintendo 64, playstation, megadrive, psp",遊戲,單機,"atari, ps4, xbox 1, xbox 360, amstrad, famicom, snes, gameboy, nintendo 64, playstation, megadrive, psp"
GEOTHERMAL,FUMAROLE,GEOFuma,"steam vent, geothermal, fumarole",地热,热浆,"蒸汽喷口, 地热, 喷气孔",地熱,熱漿,"蒸汽噴口, 地熱, 噴氣孔"
GEOTHERMAL,GEYSER,GEOGeyser,"spout, spray, bubble, boil",地热,热泉,"喷,喷,泡,煮",地熱,熱泉,"噴,噴,泡,煮"
GEOTHERMAL,LAVA,GEOLava,"lava, flow, crackle, viscous, flare, rumble, volcano",地热,岩浆,"熔岩,流动,裂纹,粘性,耀斑,隆隆声,火山",地熱,岩漿,"熔岩,流動,裂紋,粘性,耀斑,隆隆聲,火山"
GEOTHERMAL,MISC,GEOMisc,bubbling hot pool,地热,其他,冒泡的热水池,地熱,其他,冒泡的熱水池
GEOTHERMAL,MUD POTS,GEOMudpot,"mudpot, paint pot, tar pit, mud, bubble, glop",地热,泥泉,"泥罐,油漆罐,焦油坑,泥,泡沫,glop",地熱,泥泉,"泥罐,油漆罐,焦油坑,泥,泡沫,glop"
GLASS,BREAK,GLASBrk,"glass break, smash, shatter",玻璃,打破,"玻璃破碎,粉碎,粉碎",玻璃,打破,"玻璃破碎,粉碎,粉碎"
GLASS,CRASH & DEBRIS,GLASCrsh,"shard, fragment, crash, debris",玻璃,碎片,"碎片,碎片,崩溃,碎片",玻璃,碎片,"碎片,碎片,崩潰,碎片"
GLASS,FRICTION,GLASFric,"stress, scrape, creak, squeak, screech",玻璃,挤压,"压力,刮擦,吱吱声,吱吱声,尖叫声",玻璃,擠壓,"壓力,刮擦,吱吱聲,吱吱聲,尖叫聲"
GLASS,IMPACT,GLASImpt,"hit, drop, impact, clink",玻璃,打击,"撞击,掉落,撞击,碰碰",玻璃,撞擊,"撞擊,掉落,撞擊,碰碰"
GLASS,MISC,GLASMisc,miscellaneous,玻璃,其他,各种各样的,玻璃,其他,各種各樣的
GLASS,MOVEMENT,GLASMvmt,"rattle, roll, ping, clatter",玻璃,移动,"嘎嘎声,滚动声,砰砰声,咔嗒声",玻璃,移動,"嘎嘎聲,滾動聲,砰砰聲,咔嗒聲"
GLASS,TONAL,GLASTonl,"resonate, ring, tonal, glass harmonica, crystal bowl",玻璃,音乐性,"共鸣,戒指,音调,玻璃口琴,水晶碗",玻璃,有音高的,"共鳴,戒指,音調,玻璃口琴,水晶碗"
GORE,BLOOD,GOREBlood,"drip, flow, gush, spurt, spray",血,血流,"滴,流,涌,喷,喷",血,流血,"滴,流,湧,噴,噴"
GORE,BONE,GOREBone,"bone snap, bone break, bone shatter, jaw snap, jaws",血,骨头,"骨头断裂,骨头断裂,骨头粉碎,下巴咬合,下巴",血,骨頭,"骨頭斷裂, 骨頭粉碎, 下巴咬合, 下巴"
GORE,BURN,GOREBurn,"sizzle, cauterize, seer, brand",血,燃烧,"嘶嘶声,烧灼,先见,烙印",血,燃燒,"嘶嘶聲,燒灼,先見,烙印"
GORE,FLESH,GOREFlsh,"rip, peel, tear, rend, intestine, meat, wound",血,血肉,"撕裂,剥皮,撕裂,撕裂,肠,肉,伤口",血,血肉,"撕裂,剝皮,撕裂,撕裂,腸,肉,傷口"
GORE,MISC,GOREMisc,miscellaneous,血,其他,各种各样的,血,其他,各種各樣的
GORE,OOZE,GOREOoze,"ooze, slime, flow, gelatin",血,渗血,"软泥,粘液,流动,明胶",血,滲血,"軟泥,粘液,流動,明膠"
GORE,SOURCE,GORESrce,"goosh, squish, goop, slime, ooze, glop, organ, intestine, juicy, goo, splat, ooze, rip, peel, stab, tear, rend, intestine, meat, wound, slice, impale, juicy, splat",血块,原始录音,"咕噜咕噜,挤压,粘液,粘液,软泥,glop,器官,肠子,多汁,粘液,splat,软泥,撕裂,剥皮,刺伤,撕裂,撕裂,肠,肉,伤口,切片,穿刺,多汁,splat",血,素材,"咕嚕咕嚕,擠壓,粘液,粘液,軟泥,glop,器官,腸子,多汁,粘液,splat,軟泥,撕裂,剝皮,刺傷,撕裂,撕裂,腸,肉,傷口,切片,穿刺,多汁,splat"
GORE,SPLAT,GORESplt,"goosh, squish, goop, slime, ooze, glop, organ, intestine, juicy, goo, splat",血,摔倒,咕噜咕噜咕噜咕噜咕噜咕噜咕噜咕噜咕噜咕噜,血,摔倒,咕嚕咕嚕咕嚕咕嚕咕嚕咕嚕咕嚕咕嚕咕嚕咕嚕
GORE,SQUISH,GORESqsh,"squish, flesh, organ, goosh, intestine, juicy, splat",血,血浆,"挤压,肉,器官,咕噜,肠,多汁,啪",血,血漿,"擠壓,肉,器官,咕嚕,腸,多汁,啪"
GORE,STAB,GOREStab,"slice, impale, stab, cut, vorpal, dismember",血,捅,"切片,刺穿,刺伤,切割,vorpal,肢解",血,捅插,"切片,刺穿,刺傷,切割,vorpal,肢解"
GUNS,ANTIQUE,GUNAntq,"muzzleloader, musket, black powder, flintlock, longrifle, fire lance",枪炮,古董枪,"枪口装填器,步枪,黑火药,燧发枪,长步枪,火枪",槍炮,古董槍,"槍口裝填器,步槍,黑火藥,燧發槍,長步槍,火槍"
GUNS,ARTILLERY,GUNArtl,"howitzer, anti-aircraft gun, missile launcher, bazooka, mortar, rocket, naval",枪炮,火炮,"榴弹炮, 高射炮, 导弹发射器, 火箭筒, 迫击炮, 火箭, 海军",槍炮,火炮,"榴彈砲, 高射砲, 導彈發射器, 火箭筒, 迫擊砲, 火箭, 海軍"
GUNS,AUTOMATIC,GUNAuto,"ak-47, m16, machine gun, tommy gun, uzi, m249, M1919, gatling gun, minigun, ",枪炮,自动武器,"ak-47, m16, 机枪, 汤米枪, uzi, m249, M1919, 加特林机枪",槍炮,自動,"ak-47, m16, 機槍, 湯米槍, uzi, m249, M1919, 加特林機槍"
GUNS,CANNON,GUNCano,"blunderbuss, handcannon, cannon, black powder",枪炮,加农炮,"大炮, 手炮, 黑火药",槍炮,加農炮,"大砲, 手炮, 黑火藥"
GUNS,HANDLE,GUNHndl,"holster, gun, gun grab, gun catch, gun drop, gun load",枪支,手持声,"枪套,枪,枪抢,枪捕捉,枪掉落,枪载",槍炮,操作拆裝,"槍套,槍,槍搶,槍捕捉,槍掉落,槍載"
GUNS,HITECH,GUNTech,"rail gun, spy gun",枪炮,高科技,"轨道炮,间谍枪",槍炮,高科技,"軌道炮,間諜槍"
GUNS,MECHANISM,GUNMech,"clip, cocking, gun rattle, bolt slide, magazine, bullet loading, gun cock",枪炮,机枪,"剪辑,翘起,枪声,螺栓滑动,杂志,子弹装载,枪栓",槍炮,機械構造,"夾子,翹起,槍聲,螺栓滑動,彈匣,子彈裝載,槍栓"
GUNS,MISC,GUNMisc,"flare gun, air gun, paintball gun",枪炮,其他,"信号枪,气枪,彩弹枪",槍炮,其他,"信號槍,氣槍,彩彈槍"
GUNS,PISTOL,GUNPis,"9mm, pistol, revolver, glock, handgun, colt, smith & wesson, sig sauer, luger, walther ppk, browning, ruger, beretta",枪炮,手枪,"9 毫米,手枪,左轮手枪,格洛克,手枪,柯尔特,史密斯威森,西格绍尔,鲁格,瓦尔特 ppk,布朗宁,鲁格,贝雷塔",槍炮,手槍,"9 毫米,手槍,左輪手槍,格洛克,手槍,柯爾特,史密斯威森,西格紹爾,魯格,瓦爾特 ppk,布朗寧,魯格,貝雷塔"
GUNS,RIFLE,GUNRif,"rifle, mauser, casull, arisaka, luger, carbine, powell, sniper, hunting, semi-automatic",枪炮,步枪,"步枪,毛瑟,卡苏尔,有坂,鲁格,卡宾枪,鲍威尔,狙击手,狩猎,半自动",槍炮,步槍,"步槍,毛瑟,卡蘇爾,有坂,魯格,卡賓槍,鮑威爾,狙擊手,狩獵,半自動"
GUNS,SHOTGUN,GUNShotg,"shotgun, double barrel, mossberg, winchester, coach gun",枪炮,霰弹枪,"霰弹枪,双枪管,莫斯伯格,温彻斯特,马车枪",槍炮,霰彈槍,"霰彈槍,雙槍管,莫斯伯格,溫徹斯特,馬車槍"
GUNS,SUPPRESSED,GUNSupr,"silenced, silencer",枪炮,消音枪,"消音器,消音器",槍炮,消音槍,"消音器,消音器"
HORNS,AIR POWERED,HORNAir,"fog horn, air horn, factory horn",号角,气压式,"雾喇叭,气喇叭,工厂喇叭",號角,氣壓式,"霧喇叭,氣喇叭,工廠喇叭"
HORNS,CELEBRATION,HORNCele,"party horn, vuvuzela",号角,欢庆用,"派对号角,呜呜祖拉",號角,慶典用,"派對號角,嗚嗚祖拉"
HORNS,MISC,HORNMisc,"hunting call, elk call, duck call, fox bugle",号角,其他,"打猎叫,麋鹿叫,鸭叫,狐狸号角",號角,其他,"打獵叫,麋鹿叫,鴨叫,狐狸號角"
HORNS,TRADITIONAL,HORNTrad,"shofar, conch, conch shell, battle horn, alphorn, alpine horn, alpenhorn",号角,传统,"羊角号,海螺,海螺壳,战斗号角,高山号,高山号角,高山号",號角,傳統,"羊角號,海螺,海螺殼,戰鬥號角,高山號,高山號角,高山號"
HUMAN,BREATH,HMNBrth,"breath, sigh, inhale, exhale, gasp, pant, wheeze, huff, heave, whoop, respiration, inhalation, exhalation",人,呼吸,"呼吸,叹息,吸气,呼气,喘气,喘气,喘息,呼气,隆起,嗖嗖,呼吸,吸气,呼气",人,呼吸,"呼吸,嘆息,吸氣,呼氣,喘氣,喘氣,喘息,呼氣,隆起,嗚嗚,呼吸,吸氣,呼氣"
HUMAN,BURP,HMNBurp,"burp, belch, hiccup",人,打嗝,"打嗝,打嗝,打嗝",人,打嗝,"打嗝,打嗝,打嗝"
HUMAN,COUGH,HMNCough,"hack, ahem, hoarse, clear throat",人,咳嗽,"hack,咳咳,声音嘶哑,清嗓子",人,咳嗽,"hack, 咳咳, 聲音嘶啞, 清嗓子"
HUMAN,HEARTBEAT,HMNHart,"palpitation, bumbum",人,心跳,"心悸,手脚麻木",人,心跳,"心悸,手腳麻木"
HUMAN,KISS,HMNKiss,"smooch, peck",人,接吻,"亲吻,啄食",人,接吻,"親吻,啄食"
HUMAN,MISC,HMNMisc,miscellaneous,人,其他,各种各样的,人,其他,各種各樣的
HUMAN,SNEEZE,HMNSneez,"sneeze, ah-choo",人,打喷嚏,打喷嚏啊-choo,人,打噴嚏,打噴嚏啊-choo
HUMAN,SNORE,HMNSnor,"snore, zzz, congested, heavy breathing",人,打鼾,"打鼾,zzz,拥挤,呼吸沉重",人,鼾聲,"打鼾,zzz,擁擠,呼吸沉重"
HUMAN,SPIT,HMNSpit,"spit, hock, spew, spittoon, drool",人,呕吐,"吐, 飞节, 痰盂, 流口水",人,嘔吐,"吐, 飛節, 痰盂, 流口水"
ICE,BREAK,ICEBrk,"break, crack, rips, shatter, crunch",冰,打碎,"打破,裂缝,撕裂,粉碎,紧缩",冰,打碎,"打破,裂縫,撕裂,粉碎,緊縮"
ICE,CRASH & DEBRIS,ICECrsh,"crash, fall, debris",冰,碎片,"坠毁,坠落,碎片",冰,碎片,"墜毀,墜落,碎片"
ICE,FRICTION,ICEFric,"stress, scrape, creak, squeak, screech",冰,挤压,"压力,刮擦,吱吱声,吱吱声,尖叫声",冰,擠壓,"壓力,刮擦,吱吱聲,吱吱聲,尖叫聲"
ICE,IMPACT,ICEImpt,"hit, drop, impact, crash, clunk, clang, clink, chop",冰,打击,"击中,跌落,撞击,撞击,撞击,撞击,撞击,撞击",冰,撞擊,"擊中,跌落,撞擊,撞擊,撞擊,撞擊,撞擊,撞擊"
ICE,MISC,ICEMisc,miscellaneous,冰,其他,各种各样的,冰,其他,各種各樣的
ICE,MOVEMENT,ICEMvmt,"drag, roll, rattle, shake",冰,移动,"拖动,滚动,摇晃,摇晃",冰,移動,"拖動,滾動,搖晃,搖晃"
ICE,TONAL,ICETonl,"bow, ring, shing",冰,音乐性,"弓,戒指,盛",冰,有音高的,"弓,戒指,盛"
LASERS,BEAM,LASRBeam,"beam, gamma, ray",激光,光束,"光束,伽马,射线",鐳射,光束,"光束,伽馬,射線"
LASERS,GUN,LASRGun,"plasma weapon, blaster, laser cannon",激光,武器,"等离子武器,冲击波,激光炮",鐳射,武器,"等離子武器,衝擊波,激光炮"
LASERS,IMPACT,LASRImpt,"laser, blaster, impact, hit, sizzle",激光,打击,"激光,冲击波,冲击,撞击,嘶嘶声",鐳射,撞擊,"激光,衝擊波,衝擊,撞擊,嘶嘶聲"
LASERS,MISC,LASRMisc,miscellaneous,激光,其他,各种各样的,鐳射,其他,各種各樣的
LEATHER,CREAK,LETHRCreak,"creak, stress, tension",皮革,嘎吱,"吱吱声,压力,紧张",皮革,嘎吱,"吱吱聲,壓力,緊張"
LEATHER,IMPACT,LETHRImpt,"hit, impact, grab, thud, thump",皮革,打击,"击中,撞击,抓住,砰砰,砰砰",皮革,撞擊,"擊中,撞擊,抓住,砰砰,砰砰"
LEATHER,MISC,LETHRMisc,miscellaneous,皮革,其他,各种各样的,皮革,其他,各種各樣的
LEATHER,MOVEMENT,LETHRMvmt,"flap, flop, rustle, mvmt, slide",皮革,移动,"襟翼,翻牌,沙沙声,mvmt,滑动",皮革,移動,"襟翼,翻牌,沙沙聲,mvmt,滑動"
LIQUID & MUD,BUBBLES,LIQBubl,"bubble, foam, pop, mud",液体与流体,气泡,"泡沫,泡沫,流行,泥",液體,氣泡,"泡沫,泡沫,流行,泥"
LIQUID & MUD,IMPACT,LIQImpt,"splat, splatter, hit, impact, plop, kerplunk, plunk, mud",液体与流体,打击,"splat, splatter, hit, Impact, plop, kerplunk, plunk, 泥",液體,撞擊,"splat, splatter, hit, Impact, plop, kerplunk, plunk, 泥"
LIQUID & MUD,MISC,LIQMisc,miscellaneous,液体与流体,其他,各种各样的,液體,其他,各種各樣的
LIQUID & MUD,MOVEMENT,LIQMvmt,"ooze, slime, goo, mud",液体与流体,移动,"软泥,粘液,粘液,泥",液體,移動,"軟泥,粘液,粘液,泥"
LIQUID & MUD,SUCTION,LIQSuct,"suction, slurp, glomp, plunger, mud",液体与流体,咕嘟,"吸力,咕噜声,咕噜声,柱塞,泥浆",液體,抽吸,"吸力,咕嚕聲,咕嚕聲,柱塞,泥漿"
MACHINES,AMUSEMENT,MACHAmus,"rollercoaster, merry-go-round, scrambler, tilt-a-whirl, kiddy ride, theme park ride",机器,娱乐,"过山车,旋转木马,加扰器,倾斜旋转,儿童骑行,主题公园骑行",機器,娛樂,"過山車,旋轉木馬,加擾器,傾斜旋轉,兒童騎行,主題公園騎行"
MACHINES,ANTIQUE,MACHAntq,"printing press, sewing machine, olive press, butter churn",机器,老式的,"印刷机,缝纫机,橄榄压榨机,黄油搅拌机",機器,老式的,"印刷機,縫紉機,橄欖壓榨機,黃油攪拌機"
MACHINES,APPLIANCE,MACHAppl,"oven, fridge, refrigerator, blender, food processor, hair dryer, ice maker, washing machine, dryer, iron, coffee maker, dishwasher, electric can opener, garbage disposal, humidifier, dehumidifier, sewing machine, toaster, waffle maker, griddle, hot plate",机器,家电,"烤箱, 冰箱, 搅拌机, 食品加工机, 吹风机, 制冰机, 洗衣机, 烘干机, 熨斗, 咖啡机, 洗碗机, 电动开罐器, 垃圾处理, 加湿器, 除湿机, 缝纫机, 烤面包机, 华夫饼机, 烤盘, 热板",機器,家電,"烤箱, 冰箱, 攪拌機, 食品加工機, 吹風機, 製冰機, 洗衣機, 烘乾機, 熨斗, 咖啡機, 洗碗機, 電動開罐器, 垃圾處理, 加濕器, 除濕機, 縫紉機, 烤麵包機, 華夫餅機, 烤盤, 熱板"
MACHINES,CONSTRUCTION,MACHCnst,"crane, cement mixer, wood chipper",机器,施工,"起重机,水泥搅拌机,木材削片机",機器,施工,"起重機,水泥攪拌機,木材削片機"
MACHINES,ELEVATOR,MACHElev,"paternoster, freight elevator, passenger elevator, lift",机器,电梯,"帕特诺斯特, 货运电梯, 乘客电梯, 电梯",機器,電梯,"帕特諾斯特, 貨運電梯, 乘客電梯, 電梯"
MACHINES,ESCALATOR,MACHEscl,"travelator, moving walkway",机器,自动扶梯,"人行道,自动人行道",機器,手扶梯,"人行道,自動人行道"
MACHINES,FAN,MACHFan,"fan, ceiling fan, box fan, industrial fan, bladeless fan",机器,风扇,"风扇,吊扇,箱式风扇,工业风扇,无叶风扇",機器,風扇,"風扇,吊扇,箱式風扇,工業風扇,無葉風扇"
MACHINES,HITECH,MACHTech,"gadget, digital, handheld",机器,高科技,"小工具, 数字, 手持",機器,高科技,"小工具, 數字, 手持"
MACHINES,HVAC,MACHHvac,"aircon, air conditioning, heating.",机器,空调,"空调,空调,暖气。",機器,空調,"空調,空調,暖氣。"
MACHINES,INDUSTRIAL,MACHInd,"hydraulic press, assembly line, distillery, punch press, form press",机器,工业,"液压机,装配线,酿酒厂,冲床,成型机",機器,工業,"液壓機,裝配線,釀酒廠,沖床,成型機"
MACHINES,MECHANISM,MACHMech,"puzzle box, rube goldberg, gizmo",机器,装置,"拼图盒,鲁布·戈德堡,小发明",機器,精密構造,"拼圖盒,魯布·戈德堡,小發明"
MACHINES,MEDICAL,MACHMed,"x-ray machines, mri, cat scan, pet scan, blood pressure machine, lab test machine, centrifuge, ventilator, defibrillator",机器,医疗,"X 光机,MRI,猫扫描,宠物扫描,血压机,实验室测试机,离心机,呼吸机,除颤器",機器,醫療,"X 光機,MRI,貓掃描,寵物掃描,血壓機,實驗室測試機,離心機,呼吸機,除顫器"
MACHINES,MISC,MACHMisc,miscellaneous,机器,其他,各种各样的,機器,其他,各種各樣的
MACHINES,OFFICE,MACHOffi,"fax machine, facsimile machine, telefax, copy machine, printer, shredder, xerox, photocopier, mimeograph",机器,办公设备,"传真机,传真机,电传,复印机,打印机,碎纸机,复印机,复印机,油印机",機器,辦公,"傳真機,傳真機,傳真機,複印機,打印機,碎紙機,複印機,複印機,油印機"
MACHINES,PUMP,MACHPump,"water pump, sump pump, compressor, air compressor",机器,泵,"水泵,污水泵,压缩机,空气压缩机",機器,泵,"水泵,污水泵,壓縮機,空氣壓縮機"
MAGIC,ANGELIC,MAGAngl,"holy, celestial, ethereal, divine, spiritual, beatific, righteous, saintly",魔法,天使,"神圣的,天上的,空灵的,神圣的,精神的,祝福的,正义的,圣洁的",魔法,天使,"神聖的,天上的,空靈的,神聖的,精神的,祝福的,正義的,聖潔的"
MAGIC,ELEMENTAL,MAGElem,"fire, water, earth, electric, air, wind",魔法,元素,"火,水,土,电,气,风",魔法,元素,"火,水,土,電,氣,風"
MAGIC,EVIL,MAGEvil,"dark, devil, summon, necromancy, voodoo, black magic, forbidden",魔法,邪恶,"黑暗,恶魔,召唤,死灵法术,巫毒,黑魔法,禁止",魔法,邪惡,"黑暗,惡魔,召喚,死靈法術,巫毒,黑魔法,禁止"
MAGIC,MISC,MAGMisc,miscellaneous,魔法,杂项,各种各样的,魔法,其他,各種各樣的
MAGIC,POOF,MAGPoof,"chuff, foomp, blast",魔法,噗,"chuff, foomp, 爆炸",魔法,噗,"chuff, foomp, 爆炸"
MAGIC,SHIMMER,MAGShim,"twinkle, sparkle, bell tree, chime, glint, glisten, glitter, scintillation, glow, glimmer, gleam",魔法,闪耀,"闪烁,闪闪发光,钟树,钟声,闪烁,闪闪发光,闪光,闪烁,发光,微光,微光",魔法,亮晶晶,"閃爍,閃閃發光,鍾樹,鐘聲,閃爍,閃閃發光,閃光,閃爍,發光,微光,微光"
MAGIC,SPELL,MAGSpel,"witch, wizard, sorcerer, cast, incantation, hex, rune, sorcery, enchant, invocation, bewitch, exorcism, curse, trance",魔法,咒语,"女巫,巫师,巫师,施法,咒语,十六进制,符文,巫术,附魔,祈求,迷惑,驱魔,诅咒,恍惚",魔法,咒語,"女巫,巫師,巫師,施法,咒語,十六進制,符文,巫術,附魔,祈求,迷惑,驅魔,詛咒,恍惚"
MECHANICAL,CLICK,MECHClik,"click, clack, snap, toggle, button",机械,咔哒,"单击,咔哒声,捕捉,切换,按钮",機械,咔噠,"單擊,咔噠聲,捕捉,切換,按鈕"
MECHANICAL,GEARS,MECHGear,"gear, cog, pinion, rack and pinion, transmission, cogwheel, gearwheel, flywheel",机械,齿轮,"齿轮,嵌齿轮,小齿轮,齿条和小齿轮,传动装置,齿轮,齿轮,飞轮",機械,齒輪,"齒輪,嵌齒輪,小齒輪,齒條和小齒輪,傳動裝置,齒輪,齒輪,飛輪"
MECHANICAL,HYDRAULIC & PNEUMATIC,MECHHydr,"hydraulic, pneumatic, pressurized, valve",机械,液压与气动,"液压,气动,加压,阀门",機械,液壓與氣動,"液壓,氣動,加壓,閥門"
MECHANICAL,LATCH,MECHLtch,"latch, hardware, lock, clasp, hasp, bolt",机械,插销,"闩锁,硬件,锁,扣,搭扣,螺栓",機械,插銷,"閂鎖,硬件,鎖,扣,搭扣,螺栓"
MECHANICAL,LEVER,MECHLvr,"lever, switch, clunk, clank",机械,操纵杆,"杠杆,开关,叮当,叮当",機械,操縱桿,"槓桿,開關,叮噹,叮噹"
MECHANICAL,LOCK,MECHLock,"padlock, deadbolt",机械,锁,"挂锁,死锁",機械,鎖,"掛鎖,死鎖"
MECHANICAL,MISC,MECHMisc,miscellaneous,机械,杂项,各种各样的,機械,其他,各種各樣的
MECHANICAL,PULLEY,MECHPuly,"squeak, chirp, roll",机械,滑轮,"吱吱声,啁啾,滚动",機械,滑輪,"吱吱聲,啁啾,滾動"
MECHANICAL,RATCHET,MECHRtch,"ratchet, snap, click, wind, crank, winch",机械,棘轮,"棘轮,卡扣,点击,风,曲柄,绞盘",機械,棘輪,"棘輪,卡扣,點擊,風,曲柄,絞盤"
MECHANICAL,RELAY,MECHRelay,"flip, toggle, clack",机械,传动,"翻转,切换,敲击",機械,傳動,"翻轉,切換,敲擊"
MECHANICAL,ROLLER,MECHRolr,"roll, belt, lineshaft",机械,滚筒,"辊,带,线轴",機械,滾筒,"輥,帶,線軸"
MECHANICAL,SWITCH,MECHSwtch,"switch, click, clack, toggle, button",机械,开关,"切换,点击,点击,切换,按钮",機械,開關,"切換,點擊,點擊,切換,按鈕"
METAL,BREAK,METLBrk,"break, crack, rip, shatter, crunch",金属,打碎,"打破,裂缝,撕裂,粉碎,紧缩",金屬,打碎,"打破,裂縫,撕裂,粉碎,緊縮"
METAL,CRASH & DEBRIS,METLCrsh,"crash, fall, debris",金属,碎片,"坠毁,坠落,碎片",金屬,碎片,"墜毀,墜落,碎片"
METAL,FRICTION,METLFric,"stress, scrape, creak, squeak, screech",金属,挤压,"压力,刮擦,吱吱声,吱吱声,尖叫声",金屬,擠壓,"壓力,刮擦,吱吱聲,吱吱聲,尖叫聲"
METAL,IMPACT,METLImpt,"hit, drop, impact, crash, clunk, clang",金属,打击,"击中,跌落,撞击,碰撞,撞击声,叮当声",金屬,撞擊,"擊中,跌落,撞擊,碰撞,撞擊聲,叮噹聲"
METAL,MISC,METLMisc,miscellaneous,金属,其他,各种各样的,金屬,其他,各種各樣的
METAL,MOVEMENT,METLMvmt,"drag, roll, rattle, shake",金属,移动,"拖动,滚动,摇晃,摇晃",金屬,移動,"拖動,滾動,搖晃,搖晃"
METAL,TONAL,METLTonl,"bow, ring, wronk, shing, warp, bend, resonate",金属,音乐性,"弓,环,wronk,shing,翘曲,弯曲,共鸣",金屬,有音高的,"弓,環,wronk,shing,翹曲,彎曲,共鳴"
MOTORS,ANTIQUE,MOTRAntq,"kerosene engine, paraffin engine",马达,老式的,"煤油发动机,石蜡发动机",馬達,老式的,"煤油發動機,石蠟發動機"
MOTORS,COMBUSTION,MOTRComb,"diesel engine, gas engine, combustion engine, two-stroke engine",马达,内燃机,"柴油发动机,燃气发动机,内燃机,二冲程发动机",馬達,內燃機,"柴油發動機,燃氣發動機,內燃機,二衝程發動機"
MOTORS,ELECTRIC,MOTRElec,"toothbrush, electric razor, electric motor, garbage disposal, dentist drill",马达,电动的,"牙刷,电动剃须刀,电动机,垃圾处理,牙医钻",馬達,電動的,"牙刷,電動剃須刀,電動機,垃圾處理,牙鑽"
MOTORS,MISC,MOTRMisc,miscellaneous,马达,其他,各种各样的,馬達,其他,各種各樣的
MOTORS,SERVO,MOTRSrvo,"robot, rc car, camera focus, car antenna, printer",马达,伺服电机,"机器人,遥控车,相机对焦,汽车天线,打印机",馬達,伺服器,"機器人,遙控車,相機對焦,汽車天線,打印機"
MOTORS,TURBINE,MOTRTurb,"windmill, airplane, aircraft, generator",马达,涡轮,"风车,飞机,飞机,发电机",馬達,渦輪,"風車,飛機,飛機,發電機"
MOVEMENT,ACTIVITY,MOVEActv,"activity, moving, cleaning, shopping, unpacking",移动,人类活动,"活动,搬家,清洁,购物,拆包",移動,人類活動,"活動,搬家,清潔,購物,拆包"
MOVEMENT,ANIMAL,MOVEAnml,"stampede, herd, charge, trample, scramble",移动,动物,"踩踏,成群,冲锋,践踏,争夺",移動,動物活動,"踩踏,成群,衝撞,踐踏,爭奪"
MOVEMENT,CREATURE,MOVECrea,"slither, crawl, slide, squirm, wriggle",移动,生物,"滑行,爬行,滑动,蠕动,蠕动",移動,生物活動,"滑行,爬行,滑動,蠕動,蠕動"
MOVEMENT,CROWD,MOVECrwd,"walk, run, march, mill, shuffle, scuffle",移动,人群,"走,跑,行,磨,洗牌,混战",移動,人群移動,"走,跑,行,磨,洗牌,混戰"
MOVEMENT,INSECT,MOVEInsc,"swarm, hive, beehive, slither, maggots",移动,昆虫,"蜂群,蜂巢,蜂巢,滑行,蛆",移動,昆蟲活動,"蜂群,蜂巢,蜂巢,滑行,蛆"
MOVEMENT,MISC,MOVEMisc,miscellaneous,移动,其他,各种各样的,移動,其他,各種各樣的
MOVEMENT,PRESENCE,MOVEPres,"adjust, shuffle, scuffle, light movement, shift",移动,社会活动,"调整,洗牌,混战,轻微移动,移位",移動,細部活動,"調整,洗牌,混戰,輕微移動,移位"
MUSICAL,BRASS,MUSCBrass,"tuba, french horn, trombone, trumpet, mellophone, euphorium, sousaphone, flugelhorn, bugle, saxhorn, cornet",乐句,铜管,"大号,圆号,长号,小号,大喇叭,欣快感,大号,flugelhorn,号角,萨克斯管,短号",音樂的,銅管,"大號,圓號,長號,小號,大喇叭,欣快感,大號,flugelhorn,號角,薩克斯管,短號"
MUSICAL,CHIME,MUSCChim,"wind chime, bell tree, tinkle, twinkle, shimmer",乐句,钟铃,"风铃,铃树,叮当声,闪烁,微光",音樂的,鐘鈴,"風鈴,鈴樹,叮噹聲,閃爍,微光"
MUSICAL,CHORAL,MUSCChor,"choir, choral, gospel, church",乐句,合唱,"合唱团,合唱团,福音,教堂",音樂的,合唱,"合唱團, 福音, 教堂"
MUSICAL,INSTRUMENT,MUSCInst,instrument,乐句,器乐曲,乐器,音樂的,樂器,樂器
MUSICAL,LOOP,MUSCLoop,"music loops, sample loops, drum loops",乐句,循环,"音乐循环,样本循环,鼓循环",音樂的,循環,"音樂循環,樣本循環,鼓循環"
MUSICAL,MISC,MUSCMisc,miscellaneous,乐句,杂项,各种各样的,音樂的,其他,各種各樣的
MUSICAL,PERCUSSION,MUSCPerc,"timpani, kettle drum, bass drum, toms, war drums, taiko",乐句,打击,"定音鼓,水壶鼓,低音鼓,汤姆斯,战鼓,太鼓",音樂的,打擊,"定音鼓,水壺鼓,低音鼓,湯姆斯,戰鼓,太鼓"
MUSICAL,SAMPLE,MUSCSmpl,samples,乐句,采样,样品,音樂的,取樣,樣品
MUSICAL,SONG & PHRASE,MUSCSong,"music, player piano, ringtone, musical car by, phrase",乐句,段子,"音乐,播放器钢琴,铃声,音乐车,短语",音樂的,樂曲,"音樂,播放器鋼琴,鈴聲,音樂車,短語"
MUSICAL,STINGER,MUSCStngr,"music sting, news sting, title",乐句,重击音,"音乐刺痛,新闻刺痛,标题",音樂的,重音強調,"音樂刺痛,新聞刺痛,標題"
MUSICAL,STRINGED,MUSCStr,"violin, cello, viola, violoncello, bass, double bass, harp",乐句,弦乐,"小提琴,大提琴,中提琴,大提琴,低音,低音提琴,竖琴",音樂的,弦樂,"小提琴,大提琴,中提琴,大提琴,低音,低音提琴,豎琴"
MUSICAL,TOY,MUSCToy,"music box, jack in the box",乐句,玩具,"音乐盒,盒子里的插孔",音樂的,玩具,"音樂盒,盒子裡的插孔"
MUSICAL,WOODWIND,MUSCWind,"flute, piccolo, oboe, bassoon, recorder, clarinet, saxophone, bass clarinet, ney, bansuri, kaval, pan flute, xiao, fife, ",乐句,木管,"长笛,短笛,双簧管,巴松管,录音机,单簧管,萨克斯管,低音单簧管,尼,班苏里,卡瓦尔,长笛,xiao,fife,",音樂的,木管,"長笛,短笛,雙簧管,巴鬆管,錄音機,單簧管,薩克斯管,低音單簧管,尼,班蘇里,卡瓦爾,長笛,xiao,fife,"
NATURAL DISASTER,AVALANCHE,NATDAval,"landslide, mudslide",自然灾害,雪崩,"滑坡,泥石流",天災,雪崩,"滑坡,泥石流"
NATURAL DISASTER,EARTHQUAKE,NATDQuak,"earthquake, rumble, rattle, fissure, lfe",自然灾害,地震,"地震,隆隆声,嘎嘎声,裂缝,生活",天災,地震,"地震,隆隆聲,嘎嘎聲,裂縫,生活"
NATURAL DISASTER,MISC,NATDMisc,miscellaneous,自然灾害,其他,各种各样的,天災,其他,各種各樣的
NATURAL DISASTER,TORNADO,NATDTorn,"twister, vortex, waterspout",自然灾害,龙卷风,"龙卷风, 漩涡, 水龙卷",天災,龍捲風,"龍捲風, 漩渦, 水龍捲"
NATURAL DISASTER,TSUNAMI,NATDTsun,"tidal wave, tsunami",自然灾害,热带风暴,"海啸,海啸",天災,熱帶風暴,"海嘯,海嘯"
NATURAL DISASTER,TYPHOON,NATDThyp,"typhoon, hurricane, cyclone, tropical storm",自然灾害,台风,"台风,飓风,飓风,热带风暴",天災,颱風,"颱風,颶風,颶風,熱帶風暴"
NATURAL DISASTER,VOLCANO,NATDVolc,"eruption, lava, lava bombs, eruptions, pyroclast",自然灾害,火山喷发,"喷发, 熔岩, 熔岩炸弹, 火山碎屑",天災,火山爆發,"噴發, 熔岩, 熔岩炸彈, 火山碎屑"
OBJECTS,BAG,OBJBag,"duffle, backpack, back pack, purse, handbag, shoulder bag, camera bag",物件,袋子,"行李箱,背包,背包,钱包,手提包,单肩包,相机包",物件,袋子,"行李箱,背包,背包,錢包,手提包,單肩包,相機包"
OBJECTS,BOOK,OBJBook,"book, cover, magazine, catalog, textbook, dictionary, tome, volume, bible, publication",物件,书籍,"书,封面,杂志,目录,教科书,字典,大部头,卷,圣经,出版",物件,書本,"書,封面,雜誌,目錄,教科書,字典,大部頭,卷,聖經,出版"
OBJECTS,COIN,OBJCoin,"toss, flip, ping, dump, spin, piggy bank, clink, coinage, loose change, change, silver dollar, penny, nickel, dime, quarter",物件,硬币,"折腾,翻转,平,倾倒,旋转,存钱罐,碰杯,硬币,零钱,零钱,银元,便士,镍,角钱,四分之一",物件,硬幣,"折騰,翻轉,平,傾倒,旋轉,存錢罐,碰杯,硬幣,零錢,零錢,銀元,便士,鎳,角錢,四分之一"
OBJECTS,CONTAINER,OBJCont,"box, carboard box, container, package, jewelly box, plastic container, lid, tupperware, capsule, breadbox, canister, toolbox, pill box",物件,箱盒,"盒子, 硬纸盒, 容器, 包, 珠宝盒, 塑料容器, 盖子, 特百惠, 胶囊, 面包盒, 罐, 工具箱, 药盒",物件,容器,"盒子, 硬紙盒, 容器, 包, 珠寶盒, 塑料容器, 蓋子, 特百惠, 膠囊, 麵包盒, 罐, 工具箱, 藥盒"
OBJECTS,FURNITURE,OBJFurn,"chesterfield, sofa, rocking chair, table, chair, loveseat, stool, cabinet, bookcase, bed, couch, chest",物件,家具,"切斯特菲尔德,沙发,摇椅,桌子,椅子,双人沙发,凳子,橱柜,书柜,床,沙发,胸部",物件,家具,"切斯特菲爾德,沙發,搖椅,桌子,椅子,雙人沙發,凳子,櫥櫃,書櫃,床,沙發,胸部"
OBJECTS,HOUSEHOLD,OBJHsehld,"domestic, home, house",物件,家用品,"国内, 家, 房子",物件,家用品,"國內, 家, 房子"
OBJECTS,JEWELRY,OBJJewl,"bracelet, necklace, crown, earing",物件,珠宝首饰,"手链,项链,皇冠,耳环",物件,珠寶首飾,"手鍊,項鍊,皇冠,耳環"
OBJECTS,KEYS,OBJKey,"keyring, keychain, lanyard",物件,钥匙,"钥匙圈,钥匙扣,挂绳",物件,鑰匙,"鑰匙圈,鑰匙扣,掛繩"
OBJECTS,LUGGAGE,OBJLug,"suitcase, baggage, duffel bag, duffel",物件,行李,"手提箱, 行李, 行李袋, 行李箱",物件,行李,"手提箱, 行李, 行李袋, 行李箱"
OBJECTS,MEDICAL,OBJMed,"manual blood pressure meter, stethoscope, rubber gloves, clamp, syringe, forcep",物件,医疗,"手动血压计,听诊器,橡胶手套,夹子,注射器,镊子",物件,醫療,"手動血壓計,聽診器,橡膠手套,夾子,注射器,鑷子"
OBJECTS,MISC,OBJMisc,miscellaneous,物件,其他,各种各样的,物件,其他,各種各樣的
OBJECTS,PACKAGING,OBJPack,"cardboard, styrofoam, packing peanuts, labels, packing paper, bubblewrap",物件,包装品,"纸板,泡沫聚苯乙烯,花生包装,标签,包装纸,泡沫包装",物件,包裝,"紙板,泡沫聚苯乙烯,花生包裝,標籤,包裝紙,泡沫包裝"
OBJECTS,TAPE,OBJTape,"tape, velcro, flypaper, glue, packing tape, masking tape, duct tape, gaffer tape, scotch tape, double stick tape",物件,胶带制品,"胶带,魔术贴,防蝇纸,胶水,包装胶带,美纹纸胶带,布基胶带,电工胶带,透明胶带,双面胶带",物件,膠帶,"膠帶,魔術貼,防蠅紙,膠水,包裝膠帶,美紋紙膠帶,布基膠帶,電工膠帶,透明膠帶,雙面膠帶"
OBJECTS,UMBRELLA,OBJUmbr,"shake, rustle, pop, thump",物件,伞,"摇晃,沙沙声,砰砰声,砰砰声",物件,傘,"搖晃,沙沙聲,砰砰聲,砰砰聲"
OBJECTS,WHEELED,OBJWhled,"pram, perambulator, baby carriage, wheelchair, dolly, stroller, cart",物件,有轮制品,"婴儿车,婴儿车,婴儿车,轮椅,多莉,婴儿车,手推车",物件,有輪子的,"嬰兒車,嬰兒車,嬰兒車,輪椅,多莉,嬰兒車,手推車"
OBJECTS,WRITING,OBJWrite,"pen, pencil, marker, chalk, crayon, dry erase board, sharpie",物件,书写用品,"钢笔,铅笔,记号笔,粉笔,蜡笔,干擦板,sharpie",物件,書寫的,"鋼筆,鉛筆,記號筆,粉筆,蠟筆,幹擦板,sharpie"
OBJECTS,ZIPPER,OBJZipr,"zipper, pants, jacket, tent, bag",物件,拉链,"拉链,裤子,夹克,帐篷,包",物件,拉鍊,"拉鍊,褲子,夾克,帳篷,包"
PAPER,FLUTTER,PAPRFltr,"flutter, flap, fall, confetti, cardboard, paper",纸张,抖动,"颤动,襟翼,坠落,五彩纸屑,纸板,纸",紙張,抖動,"顫動,襟翼,墜落,五彩紙屑,紙板,紙"
PAPER,FRICTION,PAPRFric,"sliding, scraping, cardboard, paper",纸张,碰撞,"滑动,刮擦,纸板,纸",紙張,撞擊,"滑動,刮擦,紙板,紙"
PAPER,HANDLE,PAPRHndl,"turn, page, flip, browse, peruse, cardboard, paper",纸张,手持噪音,"翻,翻页,翻页,浏览,细读,纸板,纸",紙張,手持,"翻,翻頁,翻頁,瀏覽,細讀,紙板,紙"
PAPER,IMPACT,PAPRImpt,"paper hit, smack, slap, newspaper, magazine, cardboard, paper",纸张,摩擦,"纸撞,啪,巴掌,报纸,杂志,纸板,纸",紙張,擠壓,"紙撞,啪,巴掌,報紙,雜誌,紙板,紙"
PAPER,MISC,PAPRMisc,miscellaneous,纸张,杂项,各种各样的,紙張,其他,各種各樣的
PAPER,RIP,PAPRRip,"tear, rip, shred, cardboard, paper",纸张,撕扯,"撕裂,撕裂,撕碎,纸板,纸",紙張,撕扯,"撕裂,撕裂,撕碎,紙板,紙"
PAPER,TONAL,PAPRTonl,"tonal, singing, ringing, paper, cardboard",纸张,音乐性,"音调,歌唱,铃声,纸,纸板",紙張,有音高的,"音調,歌唱,鈴聲,紙,紙板"
PLASTIC,BREAK,PLASBrk,"break, crack, rip, shatter, crunch",塑料,打碎,"打破,裂缝,撕裂,粉碎,紧缩",塑膠,打碎,"打破,裂縫,撕裂,粉碎,緊縮"
PLASTIC,CRASH & DEBRIS,PLASCrsh,"fall, crash, debris",塑料,碎片,"坠落,坠毁,碎片",塑膠,碎片,"墜落,墜毀,碎片"
PLASTIC,FRICTION,PLASFric,"stress, scrape, creaks, squeaks, screech",塑料,挤压,"压力,刮擦,吱吱声,吱吱声,尖叫声",塑膠,擠壓,"壓力,刮擦,吱吱聲,吱吱聲,尖叫聲"
PLASTIC,IMPACT,PLASImpt,"hit, drop, impact",塑料,打击,"撞击,掉落,撞击",塑膠,撞擊,"撞擊,掉落,撞擊"
PLASTIC,MISC,PLASMisc,miscellaneous,塑料,其他,各种各样的,塑膠,其他,各種各樣的
PLASTIC,MOVEMENT,PLASMvmt,"drag, roll, rattle, shake",塑料,移动,"拖动,滚动,摇晃,摇晃",塑膠,移動,"拖動,滾動,搖晃,搖晃"
RAIN,CLOTH,RAINClth,"rain, cloth, jacket, umbrella, cotton",雨,布料,"雨,布,夹克,伞,棉",雨,布料,"雨,布,夾克,傘,棉"
RAIN,CONCRETE,RAINConc,"rain, cement, pavement, asphalt",雨,水泥,"雨水,水泥,路面,沥青",雨,水泥,"雨水,水泥,路面,瀝青"
RAIN,GENERAL,RAIN,"rain, rainstorm, downpour",雨,通用,"雨,暴雨,倾盆大雨",雨,一般,"雨,暴雨,傾盆大雨"
RAIN,GLASS,RAINGlas,"rain, glass, skylight, window, sunroof, greenhouse",雨,玻璃,"雨,玻璃,天窗,窗户,天窗,温室",雨,玻璃,"雨,玻璃,天窗,窗戶,天窗,溫室"
RAIN,METAL,RAINMetl,"rain, metal, car, can, tin, roof",雨,金属,"雨,金属,汽车,罐头,锡,屋顶",雨,金屬,"雨,金屬,汽車,罐頭,錫,屋頂"
RAIN,PLASTIC,RAINPlas,"rain, plastic, vinyl, plexiglass",雨,塑料,"雨,塑料,乙烯基,有机玻璃",雨,塑膠,"雨,塑料,乙烯基,有機玻璃"
RAIN,VEGETATION,RAINVege,"Rain on a metal surface, so rain on a car, or metal sheet, etc.",雨,植物,"雨水落在金属表面,所以雨水落在汽车或金属板等上。",雨,植物,"金屬表面下雨,汽車或金屬板等下雨。"
RAIN,WATER,RAINWatr,"rain, puddle, lake, pond",雨,水,"雨,水坑,湖泊,池塘",雨,水,"雨,水坑,湖泊,池塘"
RAIN,WOOD,RAINWood,"rain, wood, deck, roof, shed, floor",雨,木质,"雨,木,甲板,屋顶,棚,地板",雨,木頭,"雨,木,甲板,屋頂,棚,地板"
ROBOTS,MISC,ROBTMisc,"automaton, droid, bot",机器人,杂项,"自动机,机器人,机器人",機器人,其他,"自動機,機器人,機器人"
ROBOTS,MOVEMENT,ROBTMvmt,"servo, solenoid, mechanism, pneumatic, hydraulic, droid, bot",机器人,运动,"伺服,螺线管,机械,气动,液压,机器人,机器人",機器人,運動,"伺服,螺線管,機械,氣動,液壓,機器人,機器人"
ROBOTS,VOCAL,ROBTVox,"droid, chirp, beep, whistle, bot",机器人,语音,"机器人,啁啾,哔哔声,口哨声,机器人",機器人,語音,"機器人,啁啾,嗶嗶聲,口哨聲,機器人"
ROCKS,BREAK,ROCKBrk,"Breaks, Cracks, Rips, Shatters, Crunches",岩石,打碎,"断裂,裂缝,撕裂,破碎,仰卧起坐",岩石,打碎,"斷裂,裂縫,撕裂,破碎,仰臥起坐"
ROCKS,CRASH & DEBRIS,ROCKCrsh,"Fall, Debris",岩石,碎片,"秋天,碎片",岩石,碎片,"秋天,碎片"
ROCKS,FRICTION,ROCKFric,"Stress, Scrapes, Creaks, Squeaks, Screech",岩石,挤压,"压力,擦伤,吱吱声,吱吱声,吱吱声",岩石,擠壓,"壓力,擦傷,吱吱聲,吱吱聲,吱吱聲"
ROCKS,IMPACT,ROCKImpt,"Hit, Drop, Impact, Crash, Clunk, Clang, Clink, Chop",岩石,打击,"击中,掉落,撞击,撞击,撞击声,撞击声,撞击声,撞击声",岩石,撞擊,"擊中,掉落,撞擊,撞擊,撞擊聲,撞擊聲,撞擊聲,撞擊聲"
ROCKS,MISC,ROCKMisc,miscellaneous,岩石,其他,各种各样的,岩石,其他,各種各樣的
ROCKS,MOVEMENT,ROCKMvmt,"Drag, Roll, Rattle, Shake",岩石,移动,"拖动,滚动,嘎嘎声,摇晃",岩石,移動,"拖動,滾動,嘎嘎聲,搖晃"
ROCKS,TONAL,ROCKTonl,"Bowed, Ring, Wronk, Shing, Warp",岩石,音乐性,"弓,环,Wronk,Shing,Warp",岩石,有音高的,"弓,環,Wronk,Shing,Warp"
ROPE,CREAK,ROPECreak,"stretch, tension, pull",绳索,作响,"拉伸,拉紧,拉扯",繩索,吱嘎,"拉伸,拉緊,拉扯"
ROPE,MISC,ROPEMisc,miscellaneous,绳索,杂项,各种各样的,繩索,其他,各種各樣的
ROPE,MOVEMENT,ROPEMvmt,"zuzz, zipline, zip, knot, tie",绳索,移动,"zuzz,滑索,拉链,结,领带",繩索,移動,"zuzz,滑索,拉鍊,結,領帶"
RUBBER,CRASH & DEBRIS,RUBRCrsh,"debris, scatter, plop",橡胶,碎片,"碎片, 分散, 扑通",橡膠,碎片,"碎片, 分散, 撲通"
RUBBER,FRICTION,RUBRFric,"squeak, creak, drag, rub, scrape, groan",橡胶,挤压,"吱吱声,吱吱声,拖拽,摩擦,刮擦,呻吟",橡膠,擠壓,"吱吱聲,吱吱聲,拖拽,摩擦,刮擦,呻吟"
RUBBER,IMPACT,RUBRImpt,"smack, impact, hit, bounce, drop",橡胶,打击,"敲击,撞击,撞击,弹跳,掉落",橡膠,撞擊,"敲擊,撞擊,撞擊,彈跳,掉落"
RUBBER,MISC,RUBRMisc,miscellaneous,橡胶,其他,各种各样的,橡膠,其他,各種各樣的
RUBBER,MOVEMENT,RUBRMvmt,"movement, drag, flap, flop",橡胶,移动,"运动,拖拽,拍打,翻牌",橡膠,移動,"運動,拖拽,拍打,翻牌"
SCIFI,ALARM,SCIAlrm,"sci-fi alarm, alert, warning",科幻,警报,"科幻警报,警报,警告",科幻,警報,"科幻警報,警報,警告"
SCIFI,COMPUTER,SCICmpt,"computer, console, interface, holoscreen",科幻,电脑,"计算机,控制台,界面,全屏",科幻,電腦,"計算機,控制台,界面,全屏"
SCIFI,DOOR,SCIDoor,"sci-fi door, airlock",科幻,门,"科幻门,气闸",科幻,門,"科幻門,氣閘"
SCIFI,ENERGY,SCIEnrg,"particle, vortex, transporter, hologram, force field",科幻,能量,"粒子,涡流,转运体,全息图,力场",科幻,能量,"粒子,渦流,轉運體,全息圖,力場"
SCIFI,MACHINE,SCIMach,"teleporter, food replicators, holodeck",科幻,机械,"传送器,食物复制器,全息甲板",科幻,機械,"傳送器,食物複製器,全息甲板"
SCIFI,MECHANISM,SCIMech,"tricorder, scifi device, gizmo",科幻,机械设备,"tricorder, 科幻设备, 小发明",科幻,機械構造,"tricorder, 科幻設備, 小發明"
SCIFI,MISC,SCIMisc,miscellaneous,科幻,其他,各种各样的,科幻,其他,各種各樣的
SCIFI,RETRO,SCIRetro,old sci-fi,科幻,复古,老科幻,科幻,復古,老科幻
SCIFI,SPACESHIP,SCIShip,"spaceship, ufo, mothership, battlecruiser, starship",科幻,太空船,"宇宙飞船,不明飞行物,母舰,战列巡洋舰,星舰",科幻,太空船,"宇宙飛船,不明飛行物,母艦,戰列巡洋艦,星艦"
SCIFI,VEHICLE,SCIVeh,"moon rover, landspeeder, speeder bike, hoverboard, podracer",科幻,载具,"月球车,landspeeder,超速自行车,气垫板,Podracer",科幻,交通工具,"月球車,landspeeder,超速自行車,氣墊板,Podracer"
SCIFI,WEAPON,SCIWeap,"lightsabers, exotic weapon",科幻,武器,"光剑,异国情调的武器",科幻,武器,"光劍,異國情調的武器"
SNOW,CRASH & DEBRIS,SNOWCrsh,"snowball, snow crash",雪,碎片,"雪球,雪崩",雪,碎片,"雪球,雪崩"
SNOW,FRICTION,SNOWFric,"stress, scrape, creak, squeak, screech",雪,挤压,"压力,刮擦,吱吱声,吱吱声,尖叫声",雪,擠壓,"壓力,刮擦,吱吱聲,吱吱聲,尖叫聲"
SNOW,IMPACT,SNOWImpt,"snowball, snow drift, topple, fall",雪,打击,"雪球,雪飘,倾倒,秋天",雪,撞擊,"雪球,雪飄,傾倒,秋天"
SNOW,MISC,SNOWMisc,miscellaneous,雪,杂项,各种各样的,雪,其他,各種各樣的
SNOW,MOVEMENT,SNOWMvmt,"wade, drag, plow, fumble",雪,移动,"涉水,拖拽,犁地,摸索",雪,移動,"涉水,拖拽,犁地,摸索"
SPORTS,COURT,SPRTCourt,"basketball, tennis, fencing, volleyball, racquetball, badminton, netball, squash, dodgeball, shuffleboard, handball",运动,球类运动,"篮球,网球,击剑,排球,壁球,羽毛球,无板篮球,壁球,躲避球,沙狐球,手球",運動,中小型運動場,"籃球,網球,擊劍,排球,壁球,羽毛球,無板籃球,壁球,躲避球,沙狐球,手球"
SPORTS,FIELD,SPRTField,"soccer, football, baseball, field hockey, cricket, rugby, polo, lacrosse",运动,户外运动,"足球,橄榄球,棒球,曲棍球,板球,橄榄球,马球,长曲棍球",運動,大型運動場,"足球,橄欖球,棒球,曲棍球,板球,橄欖球,馬球,長曲棍球"
SPORTS,GYM,SPRTGym,"boxing, wrestling, gymnastics, weight training, martial arts, karate, judo, tae kwon do, dojo, kung fu",运动,健身,"拳击,摔跤,体操,重量训练,武术,空手道,柔道,跆拳道,道场,功夫",運動,健身,"拳擊,摔跤,體操,重量訓練,武術,空手道,柔道,跆拳道,道場,功夫"
SPORTS,INDOOR,SPRTIndor,"bowling, billiards, ping pong, darts",运动,室内运动,"保龄球,台球,乒乓球,飞镖",運動,室內,"保齡球,台球,乒乓球,飛鏢"
SPORTS,MISC,SPRTMisc,golf,运动,其他,高尔夫球,運動,其他,高爾夫球
SPORTS,SKATE,SPRTSkate,"skateboarding, roller skating, rollerblading, push scooter",运动,冰上运动,"滑板,轮滑,轮滑,滑板车",運動,有輪子的,"滑板,輪滑,輪滑,滑板車"
SPORTS,TRACK & FIELD,SPRTTrck,"long jump, running, pole vault, shot put, javelin throw",运动,田径,"跳远,跑步,撑杆跳,铅球,标枪投掷",運動,田徑,"跳遠,跑步,撐桿跳,鉛球,標槍投擲"
SPORTS,WATER,SPRTWatr,"swimming, water polo, water volleyball, diving, water skiing, surfing, kiteboarding, scuba, snorkeling",运动,水上运动,"游泳,水球,水排球,潜水,滑水,冲浪,风筝冲浪,水肺潜水,浮潜",運動,水上,"游泳,水球,水排球,潛水,滑水,衝浪,風箏衝浪,水肺潛水,浮潛"
SPORTS,WINTER,SPRTWntr,"skiing, snowboarding, bobsledding, ice skating, sledding, curling, ice hockey, luge, speed skating",运动,冬季运动,"滑雪,单板滑雪,雪橇,滑冰,雪橇,冰壶,冰球,雪橇,速度滑冰",運動,冬季,"滑雪,單板滑雪,雪橇,滑冰,雪橇,冰壺,冰球,雪橇,速度滑冰"
SWOOSHES,SWISH,SWSH,"swish, kungfu, whizby, flutter, swing",嗖嗖声,嗖嗖声,"swish, kungfu, whizby, flutter, 摇摆",嗖嗖聲,咻咻聲,"swish, kungfu, whizby, flutter, 搖擺"
SWOOSHES,WHOOSH,WHSH,woosh,呼呼声,呼呼声,呜呜,嗖嗖聲,呼呼聲,嗚嗚
TOOLS,HAND,TOOLHand,"hammer, screwdriver, pliers, wrench, ratchet, socket, hand saw, clamp, cutter, pry bar, chisel, scraper, staple gun, file, scissors",工具,手持,"锤子,螺丝刀,钳子,扳手,棘轮,套筒,手锯,夹子,刀具,撬棒,凿子,刮刀,钉枪,锉刀,剪刀",工具,手持,"錘子,螺絲刀,鉗子,扳手,棘輪,套筒,手鋸,夾子,刀具,撬棒,鑿子,刮刀,釘槍,銼刀,剪刀"
TOOLS,MISC,TOOLMisc,miscellaneous,工具,其他,各种各样的,工具,其他,各種各樣的
TOOLS,PNEUMATIC,TOOLPneu,"jackhammer, air tool, air ratchet, nail guns",工具,气动,"手提钻,气动工具,气动棘轮,射钉枪",工具,氣動,"手提鑽,氣動工具,氣動棘輪,射釘槍"
TOOLS,POWER,TOOLPowr,"drill, power saw, circular saw, jigsaw, sander, belt sander, router, power screwdriver, heat gun",工具,电动,"钻头,电锯,圆锯,拼图,砂光机,砂带机,路由器,电动螺丝刀,热风枪",工具,電動,"鑽頭,電鋸,圓鋸,拼圖,砂光機,砂帶機,路由器,電動螺絲刀,熱風槍"
TOYS,ELECTRONIC,TOYElec,"remote controlled car, slot car, speak and spell, furby",玩具,电动,"遥控车,老虎机,说话和拼写,furby",玩具,電動,"遙控車,老虎機,說話和拼寫,furby"
TOYS,MECHANICAL,TOYMech,"windup toy, toy robot, winding toy",玩具,机械,"发条玩具,玩具机器人,发条玩具",玩具,機械構造,"發條玩具,玩具機器人,發條玩具"
TOYS,MISC,TOYMisc,"action figure, doll, stuffed animal",玩具,杂项,"动作人偶, 娃娃, 毛绒动物",玩具,其他,"動作人偶, 娃娃, 毛絨動物"
TRAINS,BRAKE,TRNBrake,"breaks, screech, grind",火车,刹车,"断裂,尖叫,研磨",火車,剎車,"斷裂,尖叫,研磨"
TRAINS,CLACK,TRNClak,clack,火车,哐当,唠叨,火車,哐當,嘮叨
TRAINS,DIESEL,TRNDiesl,diesel train,火车,内燃机车,柴油火车,火車,柴油,柴油火車
TRAINS,ELECTRIC,TRNElec,"commuter train, regional train, city line, inter-city train, light rail",火车,电力机车,"通勤列车,区域列车,城市线,城际列车,轻轨",火車,電力,"通勤列車,區域列車,城市線,城際列車,輕軌"
TRAINS,HIGH SPEED,TRNHspd,"hi-tech train, maglev, monorails, hyperloop, bullet train",火车,高速列车,"高科技列车,磁悬浮列车,单轨列车,超级高铁,子弹头列车",火車,高速,"高科技列車,磁懸浮列車,單軌列車,超級高鐵,子彈頭列車"
TRAINS,HORN,TRNHorn,"train horn, subway horn",火车,鸣笛,"火车喇叭,地铁喇叭",火車,鳴笛,"火車喇叭,地鐵喇叭"
TRAINS,INTERIOR,TRNInt,"commuter train, regional train, city line, inter-city train, light rail, freight train, subway, monorail",火车,车厢内,"通勤列车,区域列车,城市线,城际列车,轻轨,货运列车,地铁,单轨列车",火車,室內,"通勤列車,區域列車,城市線,城際列車,輕軌,貨運列車,地鐵,單軌列車"
TRAINS,MECHANISM,TRNMech,"shunt, decouple",火车,机械,"分流,解耦",火車,機械構造,"分流,解耦"
TRAINS,MISC,TRNMisc,miscellaneous,火车,杂项,各种各样的,火車,其他,各種各樣的
TRAINS,STEAM,TRNSteam,"steam train, coal train",火车,蒸汽火车,"蒸汽火车,煤炭火车",火車,蒸汽,"蒸汽火車,煤炭火車"
TRAINS,SUBWAY,TRNSbwy,"metro, subway, the tube, rer",火车,地铁,"地铁,地铁,管,rer",火車,地鐵,"地鐵,地鐵,管,rer"
TRAINS,TRAM,TRNTram,"tram, trolley, cable car, funicular, grip car",火车,电车,"电车,手推车,缆车,索道缆车,抓地车",火車,電車,"電車,手推車,纜車,索道纜車,抓地車"
USER INTERFACE,ALERT,UIAlert,"alert, tone, text message, notification, startup",用户界面,警告,"警报,提示音,短信,通知,启动",用戶界面,警告,"警報,提示音,短信,通知,啟動"
USER INTERFACE,BEEP,UIBeep,"computer beep, phone beep",用户界面,嘀嘟哔,"电脑蜂鸣,手机蜂鸣",用戶界面,嗶聲,"電腦蜂鳴,手機蜂鳴"
USER INTERFACE,CLICK,UIClick,"click, tap, type",用户界面,点击,"单击,点击,键入",用戶界面,點擊,"單擊,點擊,鍵入"
USER INTERFACE,DATA,UIData,"data, processing, information, thinking",用户界面,数据,"数据,处理,信息,思考",用戶界面,數據,"數據,處理,信息,思考"
USER INTERFACE,GLITCH,UIGlitch,"glitch, malfunction, failure, kernel panic, guru meditation error",用户界面,故障,"故障,故障,失败,内核恐慌,大师冥想错误",用戶界面,突波干擾,"故障,故障,失敗,內核恐慌,大師冥想錯誤"
USER INTERFACE,MISC,UIMisc,miscellaneous,用户界面,其他,各种各样的,用戶界面,其他,各種各樣的
USER INTERFACE,MOTION,UIMvmt,"swipe, scroll, zoom, page",用户界面,动态,"滑动,滚动,缩放,页面",用戶界面,動態,"滑動,滾動,縮放,頁面"
VEGETATION,GRASS,VEGEGras,"grass rustle, walk through, hay, wheat",植物,草,"草沙沙声,走过,干草,小麦",植物,草,"草沙沙聲,走過,乾草,小麥"
VEGETATION,LEAVES,VEGELeaf,"leaf swirl, leaf fall, leaves falling, leaf pile",植物,叶,"叶漩涡, 落叶, 叶堆",植物,葉,"葉漩渦, 落葉, 葉堆"
VEGETATION,MISC,VEGEMisc,foliage,植物,其他,叶子,植物,其他,葉子
VEGETATION,TREE,VEGETree,"tree fall, branch snap, branch break, twig",植物,树,"树倒下,树枝折断,树枝折断,树枝",植物,樹,"樹倒下,樹枝折斷,樹枝折斷,樹枝"
VEHICLES,ALARM,VEHAlrm,"car, auto, automobile, car alarm, arm chirp, disarm chirp, fob",车辆,警报,"汽车, 汽车报警器, 手臂啁啾, 解除啁啾, fob",車輛,警報,"汽車, 汽車報警器, 手臂啁啾, 解除啁啾, fob"
VEHICLES,ANTIQUE,VEHAntq,"car, auto, automobile, oldsmobile, model a, model t",车辆,古董车,"汽车,汽车,汽车,奥尔兹莫比尔,模型a,模型t",車輛,古董車,"汽車,汽車,汽車,奧爾茲莫比爾,模型a,模型t"
VEHICLES,ATV,VEHAtv,"quad, three-wheeler, four-wheeler, quadricycle",车辆,全地形车,"四轮车,三轮车,四轮车,四轮车",車輛,全地形車,"四輪車,三輪車,四輪車,四輪車"
VEHICLES,BICYCLE,VEHBike,"bicycle, bike, recumbent, unicycle, tandem, bmx",车辆,自行车,"自行车, 卧式, 独轮车, 串联, bmx",車輛,腳踏車,"自行車, 臥式, 獨輪車, 串聯, bmx"
VEHICLES,BRAKE,VEHBrake,"brake squeal, screech, grind",车辆,刹车,"刹车异响,异响,摩擦声",車輛,剎車,"剎車異響,異響,摩擦聲"
VEHICLES,BUS,VEHBus,"city bus, school bus, greyhound bus, coach bus, tour bus, double decker",车辆,公交车,"城市巴士,校车,灰狗巴士,长途巴士,旅游巴士,双层巴士",車輛,公車,"城市巴士,校車,灰狗巴士,長途巴士,旅遊巴士,雙層巴士"
VEHICLES,CAR,VEHCar,"car, auto, automobile",车辆,汽车,"汽车,汽车,汽车",車輛,汽車,"汽車,汽車,汽車"
VEHICLES,CONSTRUCTION,VEHCnst,"crane, bulldozer, backhoe, excavator, digger, forklift",车辆,工程车,"起重机,推土机,反铲,挖掘机,挖掘机,叉车",車輛,工程車,"起重機,推土機,反鏟,挖掘機,挖掘機,叉車"
VEHICLES,DOOR,VEHDoor,"car, auto, automobile, car door, van door, truck door",车辆,门,"汽车, 车门, 货车门, 卡车门",車輛,車門,"汽車, 車門, 貨車門, 卡車門"
VEHICLES,ELECTRIC,VEHElec,"segway, golf cart, electric scooter, electric car, electric motorcycle, tesla",车辆,电动,"赛格威, 高尔夫球车, 电动滑板车, 电动车, 电动摩托车, 特斯拉",車輛,電動,"賽格威, 高爾夫球車, 電動滑板車, 電動車, 電動摩托車, 特斯拉"
VEHICLES,FARM,VEHFarm,"tractor, riding lawn mower",车辆,农场,"拖拉机,骑乘式割草机",車輛,農場,"拖拉機,騎乘式割草機"
VEHICLES,FREIGHT,VEHFrght,"big rigs, lorry, semi-truck, u-haul truck, penske, box truck, freight truck",车辆,货车,"大型钻机,卡车,半卡车,U-haul 卡车,penske,箱式卡车,货运卡车",車輛,貨車,"大型鑽機,卡車,半卡車,U-haul 卡車,penske,箱式卡車,貨運卡車"
VEHICLES,GENERIC BY,VEHBy,"car, auto, automobile, pass by",车辆,通用驰过,"汽车, 路过",車輛,經過,"汽車, 路過"
VEHICLES,HORN,VEHHorn,"car, auto, automobile, car horn",车辆,鸣笛,"汽车, 汽车喇叭",車輛,鳴笛,"汽車, 汽車喇叭"
VEHICLES,INTERIOR,VEHInt,"car, truck, van, interior, driving, onboard",车辆,车内,"汽车,卡车,面包车,室内,驾驶,车载",車輛,室內,"汽車,卡車,麵包車,室內,駕駛,車載"
VEHICLES,JALOPY,VEHJalop,"car, auto, automobile, hoopty, clunker, junker, false start, misfiring, malfunctioning, misfire, backfire",车辆,熄火,"汽车, hoopty, 旧车, 垃圾车, 错误启动, 失火, 故障, 适得其反",車輛,熄火,"汽車, hoopty, 舊車, 垃圾車, 錯誤啟動, 失火, 故障, 適得其反"
VEHICLES,MECHANISM,VEHMech,"window crank, glove box, windshield, wiper, trunk, seat belt, seatbelt, turn signal, gear shift",车辆,设施,"车窗曲柄,手套箱,挡风玻璃,雨刷,后备箱,安全带,安全带,转向灯,换档",車輛,設備,"車窗曲柄,手套箱,擋風玻璃,雨刷,後備箱,安全帶,安全帶,轉向燈,換檔"
VEHICLES,MILITARY,VEHMil,"tank, APC, armored personnel carrier, humvee",车辆,军用,"坦克, APC, 装甲运兵车, 悍马",車輛,軍用,"坦克, APC, 裝甲運兵車, 悍馬"
VEHICLES,MISC,VEHMisc,snowmobile,车辆,其他,雪地摩托,車輛,其他,雪地摩托
VEHICLES,MOTORCYCLE,VEHMoto,"scooter, motorcycle, motorbike, vespa, motocross, dirt bike",车辆,摩托车,"滑板车, 摩托车, vespa, 摩托车越野赛, 越野车",車輛,摩托車,"滑板車, 摩托車, vespa, 摩托車越野賽, 越野車"
VEHICLES,RACING,VEHRace,"car, auto, automobile, race car, drag race car, indy, formula 1, nascar, grand prix, monster truck",车辆,赛车,"汽车, 赛车, 飙车, indy, 公式1, 纳斯卡, 大奖赛, 怪物卡车",車輛,賽車,"汽車, 賽車, 飆車, indy, 公式1, 納斯卡, 大獎賽, 怪物卡車"
VEHICLES,SIREN,VEHSirn,"ambulance, police, siren, fire truck, fire fighter",车辆,警报车辆,"救护车,警察,警报器,消防车,消防员",車輛,車輛警報,"救護車,警察,警報器,消防車,消防員"
VEHICLES,SKID,VEHSkid,"tire skid, peel out, chuff, burnout",车辆,轮胎摩擦,"轮胎打滑,剥落,摩擦,倦怠",車輛,輪胎摩擦,"輪胎打滑,剝落,摩擦,倦怠"
VEHICLES,SUSPENSION,VEHSusp,"suspension, shock springs, squeak, rattle",车辆,悬挂,"悬架,减震弹簧,吱吱声,嘎嘎声",車輛,懸掛系統,"懸架,減震彈簧,吱吱聲,嘎嘎聲"
VEHICLES,TIRE,VEHTire,"tire, tyre, roll",车辆,轮胎打滑,"轮胎, 滚",車輛,輪胎,"輪胎, 滾"
VEHICLES,TRUCK VAN & SUV,VEHTruck,"car, auto, automobile, passenger truck, pickup truck, vans, suv, flatbed, ",车辆,厢式车,"汽车,汽车,汽车,客车,皮卡车,面包车,SUV,平板车,",車輛,箱型車,"汽車,汽車,汽車,客車,皮卡車,麵包車,SUV,平板車,"
VEHICLES,UTILITY,VEHUtil,"utv, sxs, side by side, rzr, ranger, cushman, gator",车辆,工具,"utv,sxs,并排,rzr,游侠,cushman,鳄鱼",車輛,工具車,"utv,sxs,並排,rzr,遊俠,cushman,鱷魚"
VEHICLES,WAGON,VEHWagn,"wagon, stagecoach, buggy, carriage, wood cart",车辆,马车,"马车,驿马车,马车,马车,木车",車輛,馬車,"馬車,驛馬車,馬車,馬車,木車"
VEHICLES,WINDOW,VEHWndw,"car, auto, automobile, automatic window, power window",车辆,窗,"汽车, 自动窗, 电动窗",車輛,窗,"汽車, 自動窗, 電動窗"
VOICES,ALIEN,VOXAlien,alien language,语音,外星人,外来语,語音,外星人,外來語
VOICES,BABY,VOXBaby,"coo, babble, fuss, snuffle",语音,婴儿,"咕噜咕噜,胡言乱语,大惊小怪,打喷嚏",語音,嬰兒,"咕嚕咕嚕,胡言亂語,大驚小怪,打噴嚏"
VOICES,CHEER,VOXCheer,"clap, boo, cheer, yay, shout, woohoo, holler",语音,欢呼,"拍手,嘘,欢呼,耶,呐喊,呜呼,呼喊",語音,歡呼,"拍手,噓,歡呼,耶,吶喊,嗚呼,呼喊"
VOICES,CHILD,VOXChld,"child, teen, tween",语音,儿童,"儿童, 青少年, 补间",語音,兒童,"兒童, 青少年, 補間"
VOICES,CRYING,VOXCry,"cry, pout, sob, whimper, bawl, fuss, wounded",语音,哭泣,"哭泣,噘嘴,啜泣,呜咽,大哭,大惊小怪,受伤",語音,哭泣,"哭泣,噘嘴,啜泣,嗚咽,大哭,大驚小怪,受傷"
VOICES,EFFORTS,VOXEfrt,"effort, grunt, struggle, strain, exert",语音,呼喝,"努力,咕噜,挣扎,紧张,用力",語音,呼喝,"努力,咕嚕聲,掙扎,緊張,用力"
VOICES,FEMALE,VOXFem,"woman, female",语音,女性,"女人,女",語音,女性,"女人,女"
VOICES,FUTZED,VOXFutz,"speaker, public address, announcement",语音,音响化,"演讲者, 公共演讲, 公告",語音,廣播,"演講者, 公共演講, 公告"
VOICES,HISTORICAL,VOXHist,"speech, lecture, broadcast, news, historical",语音,历史年代,"演讲,演讲,广播,新闻,历史",語音,歷史的,"演講,演講,廣播,新聞,歷史"
VOICES,LAUGH,VOXLaff,"giggle, chuckle, laugh, hoot, holler, maniacal, hysterical",语音,笑,"咯咯笑,咯咯笑,大笑,嗬嗬,嗬嗬,疯狂,歇斯底里",語音,笑,"咯咯笑,咯咯笑,大笑,嗬嗬,嗬嗬"
VOICES,MALE,VOXMale,"male, man",语音,男性,"男,男",語音,男性,"男,男"
VOICES,MISC,VOXMisc,miscellaneous,语音,杂项,各种各样的,語音,其他,各種各樣的
VOICES,REACTION,VOXReac,"oh, ooh, ooo, ah, ahh, ahhh, er, em, hmm, hm",语音,反应,哦哦哦哦哦哦哦哦哦哦哦哦哦哦哦哦哦哦哦哦哦哦哦哦哦哦哦哦哦哦哦哦哦哦哦哦哦哦哦哦哦哦哦哦哦哦哦哦哦哦哦哦哦哦哦哦哦哦哦哦哦哦哦哦哦哦哦哦,語音,反應,哦哦哦哦哦哦哦哦哦哦哦哦哦哦哦哦哦哦哦哦哦哦哦哦哦哦哦哦哦哦哦哦哦哦哦哦哦哦哦哦哦哦哦哦哦哦哦哦哦哦哦哦哦哦哦哦哦哦哦哦哦哦
VOICES,SCREAM,VOXScrm,"shout, yell, scream, death, fall",语音,尖叫,"大喊大叫,尖叫,死亡,跌倒",語音,尖叫,"大喊大叫,尖叫,死亡,跌倒"
VOICES,SINGING,VOXSing,"sing, hum, ditty",语音,歌唱,"唱歌,哼,小曲",語音,歌唱,"唱歌,哼,小曲"
WATER,BUBBLES,WATRBubl,"bubble, boil, simmer, blub, glub, cauldron, potion",水,气泡,"泡泡,煮沸,煨,泡泡,粘液,大锅,药水",水,氣泡,"泡泡,煮沸,煨,泡泡,粘液,大鍋,藥水"
WATER,DRAIN,WATRDran,"drain, gurgle, burble, sewer, shower, sink, storm drain",水,排水,"排水管, 咕噜声, burble, 下水道, 淋浴, 水槽, 雨水渠",水,排水,"排水管, 咕嚕聲, burble, 下水道, 淋浴, 水槽, 雨水渠"
WATER,DRIP,WATRDrip,"drip, plip, plop, trickle, leak, cave",水,滴,"滴,滴,滴,滴,漏,洞",水,滴答,"滴,啪,啪,滴,漏,洞"
WATER,FIZZ,WATRFizz,"fizz, sizzle, seltzer, foam, hiss",水,气泡破裂,"嘶嘶声,嘶嘶声,苏打水,泡沫,嘶嘶声",水,氣泡嘶嘶聲,"嘶嘶聲,嘶嘶聲,蘇打水,泡沫,嘶嘶聲"
WATER,FLOW,WATRFlow,"river, stream, creek, current, watercourse, tributary, brook, runnel, rivulet, spring",水,水流,"河,溪,溪,流,河道,支流,溪,流道,溪流,泉",水,水流,"河,溪,溪,流,河道,支流,溪,流道,溪流,泉"
WATER,FOUNTAIN,WATRFoun,"fountain, spray, trickle, hiss",水,喷泉,"喷泉,喷雾,涓流,嘶嘶声",水,噴泉,"噴泉,噴霧,涓流,嘶嘶聲"
WATER,IMPACT,WATRImpt,"splash, bellyflop, cannonball, depth charge, sploosh",水,击打,"飞溅,bellyflop,炮弹,深水炸弹,sploosh",水,撞擊,"飛濺,bellyflop,砲彈,深水炸彈,sploosh"
WATER,LAP,WATRLap,"ripple, lap, hull, slap, slosh",水,拍浪,"涟漪,一圈,船体,巴掌,晃动",水,拍浪,"漣漪,一圈,船體,巴掌,晃動"
WATER,MISC,WATRMisc,miscellaneous,水,杂项,各种各样的,水,其他,各種各樣的
WATER,MOVEMENT,WATRMvmt,"slosh, wade, splash, sweep, tread",水,移动,"晃动,涉水,飞溅,扫掠,踩踏",水,移動,"晃動,涉水,飛濺,掃掠,踩踏"
WATER,PLUMBING,WATRPlmb,"toilet flush, sink, shower,",水,水管道,"马桶冲水,水槽,淋浴,",水,水管線路,"馬桶沖水,水槽,淋浴,"
WATER,POUR,WATRPour,"pour, fill, dump, empty",水,倒水,"倾倒,填充,倾倒,倒空",水,倒水,"傾倒,填充,傾倒,倒空"
WATER,SPLASH,WATRSplsh,"splash, swim, wade, dive, plunge, slosh, submerge",水,泼洒飞溅,"飞溅,游泳,涉水,潜水,暴跌,晃动,淹没",水,潑灑飛濺,"飛濺,游泳,涉水,潛水,暴跌,晃動,淹沒"
WATER,SPRAY,WATRSpray,"spray, spritz, squirt, gush, sprinkle",水,水花,"喷,喷,喷,喷,喷",水,噴灑,"噴,噴,噴,噴,噴"
WATER,STEAM,WATRStm,"spritz, mist, steam, wet hiss, sputter",水,蒸汽,"喷,雾,蒸汽,湿嘶嘶声,溅射",水,蒸汽,"噴,霧,蒸汽,濕嘶嘶聲,濺射"
WATER,SURF,WATRSurf,"coastline, shoreline, seashore, beach, wash",水,浪花拍岸,"海岸线,海岸线,海滨,沙滩,洗",水,浪花,"海岸線,海岸線,海濱,沙灘,洗"
WATER,TURBULENT,WATRTurb,"whirlpool, wave pool, rapids",水,汹涌澎湃,"漩涡, 波浪池, 急流",水,洶湧,"漩渦, 波浪池, 急流"
WATER,WATERFALL,WATRFall,"waterfall, cascading, dam, torrent, niagara",水,瀑布,"瀑布,级联,大坝,洪流,尼亚加拉",水,瀑布,"瀑布,級聯,大壩,洪流,尼亞加拉"
WATER,WAVE,WATRWave,"wave, breakwater, tides, seashore, jetty, lapping",水,波浪,"波浪,防波堤,潮汐,海滨,码头,研磨",水,海浪,"波浪,防波堤,潮汐,海濱,碼頭,研磨"
WEAPONS,ARMOR,WEAPArmr,"armour, chainmail, helm, scale armor, breastplate, cuirass, domaru, splint, haramaki",武器,护甲,"盔甲,锁链甲,头盔,鳞甲,胸甲,胸甲,domaru,夹板,原卷",武器,護甲,"盔甲,鎖鏈甲,頭盔,鱗甲,胸甲,胸甲,domaru,夾板,原卷"
WEAPONS,ARROW,WEAPArro,"arrow, bolt, fletch, quiver",武器,箭,"箭头,螺栓,箭羽,箭袋",武器,箭,"箭頭,螺栓,箭羽,箭袋"
WEAPONS,BLUNT,WEAPBlnt,"club, bat, mace, ball and chain, nunchuck, war hammer, warhammer, stave, brass knuckles, flail, tonfa, nightstick",武器,钝器,"俱乐部, 蝙蝠, 狼牙棒, 球和链, 双节棍, 战锤, 壁板, 铜指关节, 连枷, tonfa, 警棍",武器,鈍器,"俱樂部, 蝙蝠, 狼牙棒, 球和鏈, 雙節棍, 戰鎚, 壁板, 銅指關節, 連枷, tonfa, 警棍"
WEAPONS,BOW,WEAPBow,"longbow, compound box, crossbow",武器,弓,"长弓,复合箱,弩",武器,弓,"長弓,複合箱,弩"
WEAPONS,KNIFE,WEAPKnif,"switchblade, jack knife, butterfly knife, hunting knife, utility knife, cleaver, butcher knife, trench knife, chef knife",武器,刀,"弹簧刀,千斤顶刀,蝴蝶刀,猎刀,美工刀,切肉刀,屠刀,战壕刀,厨师刀",武器,刀,"彈簧刀,千斤頂刀,蝴蝶刀,獵刀,美工刀,切肉刀,屠刀,戰壕刀,廚師刀"
WEAPONS,MISC,WEAPMisc,slingshot,武器,其他,弹弓,武器,其他,彈弓
WEAPONS,POLEARM,WEAPPole,"spear, pike, harpoon, halberd, javelin, poleaxe, pollaxe",武器,矛,"长矛,派克,鱼叉,戟,标枪,长柄斧,长柄斧",武器,矛,"長矛,派克,魚叉,戟,標槍,長柄斧,長柄斧"
WEAPONS,SIEGE,WEAPSiege,"catapult, trebuchet, battering ram, ballista, siege tower",武器,投石机,"弹射器,投石机,攻城锤,弩炮,攻城塔",武器,投石機,"彈射器,投石機,攻城錘,弩砲,攻城塔"
WEAPONS,SWORD,WEAPSwrd,"falchion, scimitar, broadsword, rapier, longsword, samurai, cutlass, fencing sword, kattana, machete, sabre, viking sword, foil",武器,剑,"镰刀,弯刀,阔剑,细剑,长剑,武士,弯刀,击剑剑,武士刀,大砍刀,军刀,维京剑,箔",武器,劍,"鐮刀,彎刀,闊劍,細劍,長劍,武士,彎刀,擊劍劍,武士刀,大砍刀,軍刀,維京劍,箔"
WEAPONS,WHIP,WEAPWhip,"bullwhip, horse whip, lash, whipcrack",武器,鞭,"牛鞭,马鞭,鞭子,鞭子",武器,鞭,"牛鞭,馬鞭,鞭子,鞭子"
WEATHER,HAIL,HAIL,"hail, ice, sleet",天气,冰雹,"冰雹,冰,雨夹雪",天氣,冰雹,"冰雹,冰,雨夾雪"
WEATHER,MISC,WTHR,miscellaneous,天气,其他,各种各样的,天氣,其他,各種各樣的
WEATHER,STORM,STORM,"hurricane, thunderstorm, typhoon, sleet, sandstorm, tornado, cyclone, hailstorm,",天气,风暴,"飓风,雷暴,台风,雨夹雪,沙尘暴,龙卷风,旋风,冰雹,",天氣,風暴,"颶風,雷暴,颱風,雨夾雪,沙塵暴,龍捲風,旋風,冰雹,"
WEATHER,THUNDER,THUN,"thunderstorm, lightning, thunderclap, thunderbolt, lightening, thunder, crack, roll, rumble",天气,雷,"雷暴,闪电,霹雳,霹雳,闪电,雷声,裂纹,滚动,隆隆声",天氣,雷,"雷暴,閃電,霹靂,霹靂,閃電,雷聲,裂紋,滾動,隆隆聲"
WHISTLES,HUMAN,WHSTHmn,"whistle, cheering, human, wolf whistle, signal",哨音,人,"口哨, 欢呼, 人类, 狼哨, 信号",哨音,人,"口哨, 歡呼, 人類, 狼哨, 信號"
WHISTLES,MECHANICAL,WHSTMech,"steamship, referee, toot, police whistle, tea pot, train whistle",哨音,机械设备,"轮船,裁判,嘟嘟,警笛,茶壶,火车汽笛",哨音,機械構造,"輪船,裁判,嘟嘟,警笛,茶壺,火車汽笛"
WHISTLES,MISC,WHSTMisc,"ref, nose flute",哨音,其他,"参考,鼻笛",哨音,其他,"參考,鼻笛"
WIND,DESIGNED,WINDDsgn,"wind machine, synthetic, artificial, tonal",风,设计后的,"风力机,合成的,人工的,音调",風,設計的,"風力機,合成的,人工的,音調"
WIND,GENERAL,WIND,miscellaneous,风,通用,各种各样的,風,一般,各種各樣的
WIND,GUST,WINDGust,"gust, blustery, wisps, breeze, buffet, waft, gale, flurry",风,阵风,"阵风,大风,小束,微风,自助餐,飘,大风,乱舞",風,陣風,"陣風,大風,小束,微風,自助餐,飄,大風,亂舞"
WIND,INTERIOR,WINDInt,"interior, shutter, rattle, moan, draft",风,室内,"室内,百叶窗,拨浪鼓,呻吟,草稿",風,室內,"室內,百葉窗,撥浪鼓,呻吟,草稿"
WIND,TONAL,WINDTonl,"howl, whistle, moan, tonal",风,音乐性,"嚎叫,口哨,呻吟,音调",風,有音高的,"嚎叫,口哨,呻吟,音調"
WIND,VEGETATION,WINDVege,"foliage, vegetation, grass, tree, leaf, plant, rustle",风,吹动植物,"树叶,植被,草,树,叶,植物,沙沙声",風,植物吹動,"樹葉,植被,草,樹,葉,植物,沙沙聲"
WINDOWS,COVERING,WNDWCover,"curtain, blind, shutter, blackout, shades",窗户,遮挡物,"窗帘,百叶窗,百叶窗,停电,阴影",窗戶,遮棚,"窗簾,百葉窗,百葉窗,停電,陰影"
WINDOWS,HARDWARE,WNDWHdwr,"window latch, window cranks, window lock, window seal",窗户,窗具,"车窗锁,车窗曲柄,车窗锁,车窗密封条",窗戶,窗具,"車窗鎖,車窗曲柄,車窗鎖,車窗密封條"
WINDOWS,KNOCK,WNDWKnck,"knock, pane, rattle",窗户,敲窗,"敲击,窗格,拨浪鼓",窗戶,敲窗,"敲擊,窗格,撥浪鼓"
WINDOWS,METAL,WNDWMetl,metal frame,窗户,金属,金属框架,窗戶,金屬,金屬框架
WINDOWS,MISC,WNDWMisc,miscellaneous,窗户,其他,各种各样的,窗戶,其他,各種各樣的
WINDOWS,PLASTIC,WNDWPlas,plastic frame,窗户,塑料,塑料框架,窗戶,塑膠,塑料框架
WINDOWS,WOOD,WNDWWood,wood frame,窗户,木质,木框,窗戶,木頭,木框
WINGS,BIRD,WINGBird,"bird wing, flap, flutter",翅膀,鸟,"鸟翼, 襟翼, 扑动",翅膀,鳥,"鳥翼, 襟翼, 撲動"
WINGS,CREATURE,WINGCrea,"dragon wing, fairy wing, griffin wing, sphinx wing, angel wing, phoenix wing, giant bird wing",翅膀,生物,"龙翼,仙女翼,狮鹫翼,狮身人面像翼,天使翼,凤凰翼,巨鸟翼",翅膀,生物,"龍翼,仙女翼,獅鷲翼,獅身人面像翼,天使翼,鳳凰翼,巨鳥翼"
WINGS,INSECT,WINGInsc,"fly, bee, dragonfly, moth, butterfly, beetle, scarab, hornet, wasp, locust",翅膀,昆虫,"飞,蜜蜂,蜻蜓,蛾,蝴蝶,甲虫,圣甲虫,大黄蜂,黄蜂,蝗虫",翅膀,昆蟲,"飛,蜜蜂,蜻蜓,蛾,蝴蝶,甲蟲,聖甲蟲,大黃蜂,黃蜂,蝗蟲"
WINGS,MISC,WINGMisc,miscellaneous,翅膀,其他,各种各样的,翅膀,其他,各種各樣的
WOOD,BREAK,WOODBrk,"breaks, cracks, rips, shatters, crunches, splinter",木头,打碎,"断裂,裂缝,撕裂,破碎,咬合,碎片",木頭,打碎,"斷裂,裂縫,撕裂,破碎,咬合,碎片"
WOOD,CRASH & DEBRIS,WOODCrsh,"fall, debris, crash, fell, timber",木头,碎片,"坠落,碎片,坠毁,坠落,木材",木頭,碎片,"墜落,碎片,墜毀,墜落,木材"
WOOD,FRICTION,WOODFric,"stress, scrapes, creaks, squeaks, screech",木头,挤压,"压力,擦伤,吱吱声,吱吱声,尖叫声",木頭,擠壓,"壓力,擦傷,吱吱聲,吱吱聲,尖叫聲"
WOOD,IMPACT,WOODImpt,"hit, drop, impact, crash, clunk, clang, clink, chop",木头,击打,"击中,跌落,撞击,撞击,撞击,撞击,撞击,撞击",木頭,撞擊,"擊中,跌落,撞擊,撞擊,撞擊,撞擊,撞擊,撞擊"
WOOD,MISC,WOODMisc,miscellaneous,木头,其他,各种各样的,木頭,其他,各種各樣的
WOOD,MOVEMENT,WOODMvmt,"drag, roll, rattle, shake",木头,移动,"拖动,滚动,摇晃,摇晃",木頭,移動,"拖動,滾動,搖晃,搖晃"
WOOD,TONAL,WOODTonl,"bowed, ring, wronk, shing, warp",木头,音乐性,"鞠躬,戒指,wronk,shing,warp",木頭,有音高的,"鞠躬,戒指,wronk,shing,warp"
